Subject,,,Alabama,Alaska,Arizona,Arkansas,California,Colorado,Connecticut,Delaware,District of Columbia,Florida,Georgia,Hawaii,Idaho,Illinois,Indiana,Iowa,Kansas,Kentucky,Louisiana,Maine,Maryland,Massachusetts,Michigan,Minnesota,Mississippi,Missouri,Montana,Nebraska,Nevada,New Hampshire,New Jersey,New Mexico,New York,North Carolina,North Dakota,Ohio,Oklahoma,Oregon,Pennsylvania,Rhode Island,South Carolina,South Dakota,Tennessee,Texas,Utah,Vermont,Virginia,Washington,West Virginia,Wisconsin,Wyoming
ls_10k,,,9.9,3.7,7.7,9.1,5.8,6.1,5.7,5.8,10.3,7.8,8.7,5.8,7,7.2,7.3,6.1,6.4,9.9,10,6.9,5.2,6.1,8,5.5,11.2,7.9,7.1,6,6.6,4.3,5.4,9.6,7.7,8.2,6.6,8.1,8,7.4,7,7.8,9,6.5,8.7,7.3,5.1,5.8,5.7,6.2,10,5.9,4.9
k10_15,,,7,3.5,5.2,7.5,5.1,4.2,3.9,4,4.3,5.7,5.6,3.5,5.5,4.6,5.4,5.1,5.1,7,6.9,6.5,3.3,5.2,5.5,4.4,7.8,5.8,6.2,5.3,4.7,4,3.8,6.5,5.3,6.3,5,5.7,6.2,5.5,5.4,5.6,6.5,5.6,6.4,5.3,3.9,5.7,4.1,4.2,7,5.3,4.7
k15_25,,,12.9,7.6,11.2,13.8,9.5,9.2,8.4,8.9,7.6,12.1,11.3,7.3,11.8,10,11.6,10.7,10.7,13,12.8,11.8,6.9,8.7,11.7,9.1,14.1,11.9,12.5,10.7,10.6,8.3,8.1,12.8,9.9,11.9,9.6,11.7,12.3,11.2,10.8,10.1,12.7,10.8,12.8,10.8,8.9,10.3,8.4,9,14.3,10.9,9.8
k25_35,,,11.4,7.4,11.2,12.6,9,9.5,7.8,9.6,6.7,11.7,10.8,7.6,12.3,9.5,11.5,10.8,11.2,11.5,10.9,11.6,7.3,7.8,11.1,9.1,12,11.4,12,10.9,11.1,8.7,7.8,11.3,9,11.8,10.5,11,11.8,10.8,10.4,9.2,11.6,11.4,11.9,10.5,9.3,10.2,8.6,9.2,11.8,10.8,10.1
k35_50,,,14.4,11.7,14.8,15.3,12.1,13.3,10.9,13.2,9.8,15.1,14,11.8,15.9,12.9,15.3,14.6,14.7,14.5,13.4,14.3,10.7,10.5,14.5,13,14.5,14.9,15.1,14.7,14.9,12.4,10.5,14.2,11.8,14.9,13.7,14.5,14.9,14.5,13.6,12.2,14.8,15.3,14.9,13.7,13.8,14.1,12.2,13.1,14.8,14.6,13.5
k50_75,,,17.2,18.3,18.5,17.5,16.7,18.3,16.3,18.9,14.3,18.1,18,18.4,20.1,17.8,19.4,20,19.3,17.6,16.4,18.9,17.2,15.8,18.5,18.9,17,18.6,19.1,19.8,19.6,18.4,16,16.9,16.4,18.1,18.8,18.5,18.7,18.6,18.4,17.1,18,19.5,18.1,17.8,21.3,19.3,17.3,18.7,17.6,19.6,19.4
k75_100,,,10.8,14.7,11.8,10.1,12.2,13.2,13,13.6,11,11.1,11.5,14.3,12.1,12.8,12.5,13.6,12.6,10.9,11,12.7,13.4,12.7,11.9,14.1,10,11.8,11.8,13.2,12.7,14.4,12.7,11.4,12,11.4,14.1,12,11.4,12.4,12.5,12.8,11.2,13.6,10.9,11.8,14.8,13.8,12.8,13.4,10.8,13.4,14.1
k100_150,,,10.3,18.8,11.9,9.1,14.9,14.7,16.6,15.2,15.1,10.7,11.6,17.9,10,14,11.2,12.4,12.4,10.1,11.3,11.1,18.1,16.8,11.6,15.3,8.6,11,10.5,12.5,12.4,17.1,17.1,10.6,14.3,10.6,13.5,11.5,10.5,12.1,12.9,14.3,10.4,11.2,10,12.9,14.4,13,15.7,15.1,9.2,12.8,15.7
k150_200,,,3.3,8.3,4,2.8,6.9,6,8,5.9,8.1,3.7,4.3,7.3,2.9,5.6,3.2,3.6,4,2.8,3.8,3.3,8.9,7.9,3.9,5.5,2.5,3.7,3,3.7,4.2,6.8,8.7,3.8,6.3,3.6,4.1,3.8,3.2,3.9,4.7,5.8,3.3,2.9,3.2,5,4.5,4.3,7.2,5.9,2.5,3.8,4.6
k200_p,,,2.6,5.9,3.6,2.2,7.6,5.5,9.4,4.9,12.8,3.9,4.1,6.1,2.4,5.6,2.7,3,3.5,2.5,3.4,2.9,9.1,8.5,3.3,5,2.2,3.1,2.7,3.2,3.4,5.7,9.8,2.9,7.3,3.4,4.1,3.2,2.9,3.5,4.4,5.1,2.7,3,3.1,5,3.9,3.6,8,5.2,2,3.1,3.2
k150_plus,,,5.9,14.2,7.6,5,14.5,11.5,17.4,10.8,20.9,7.6,8.4,13.4,5.3,11.2,5.9,6.6,7.5,5.3,7.2,6.2,18,16.4,7.2,10.5,4.7,6.8,5.7,6.9,7.6,12.5,18.5,6.7,13.6,7,8.2,7,6.1,7.4,9.1,10.9,6,5.9,6.3,10,8.4,7.9,15.2,11.1,4.5,6.9,7.8
k50_less,,,55.6,33.9,50.1,58.3,41.5,42.3,36.7,41.5,38.7,52.4,50.4,36,52.5,44.2,51.1,47.3,48.1,55.9,54,51.1,33.4,38.3,50.8,41.1,59.6,51.9,52.9,47.6,47.9,37.7,35.6,54.4,43.7,53.1,45.4,51,53.2,49.4,47.2,44.9,54.6,49.6,54.7,47.6,41,46.1,39,41.7,57.9,47.5,43
k50_150,,,38.3,51.8,42.2,36.7,43.8,46.2,45.9,47.7,40.4,39.9,41.1,50.6,42.2,44.6,43.1,46,44.3,38.6,38.7,42.7,48.7,45.3,42,48.3,35.6,41.4,41.4,45.5,44.7,49.9,45.8,38.9,42.7,40.1,46.4,42,40.6,43.1,43.8,44.2,39.6,44.3,39,42.5,50.5,46.1,45.8,47.2,37.6,45.8,49.2
k25_75,,,43,37.4,44.5,45.4,37.8,41.1,35,41.7,30.8,44.9,42.8,37.8,48.3,40.2,46.2,45.4,45.2,43.6,40.7,44.8,35.2,34.1,44.1,41,43.5,44.9,46.2,45.4,45.6,39.5,34.3,42.4,37.2,44.8,43,44,45.4,43.9,42.4,38.5,44.4,46.2,44.9,42,44.4,43.6,38.1,41,44.2,45,43
k35_less,,,41.2,22.2,35.3,43,29.4,29,25.8,28.3,28.9,37.3,36.4,24.2,36.6,31.3,35.8,32.7,33.4,41.4,40.6,36.8,22.7,27.8,36.3,28.1,45.1,37,37.8,32.9,33,25.3,25.1,40.2,31.9,38.2,31.7,36.5,38.3,34.9,33.6,32.7,39.8,34.3,39.8,33.9,27.2,32,26.8,28.6,43.1,32.9,29.5
k10_35,,,31.3,18.5,27.6,33.9,23.6,22.9,20.1,22.5,18.6,29.5,27.7,18.4,29.6,24.1,28.5,26.6,27,31.5,30.6,29.9,17.5,21.7,28.3,22.6,33.9,29.1,30.7,26.9,26.4,21,19.7,30.6,24.2,30,25.1,28.4,30.3,27.5,26.6,24.9,30.8,27.8,31.1,26.6,22.1,26.2,21.1,22.4,33.1,27,24.6
k50_100,,,42.4,44.7,45.1,42.9,41,44.8,40.2,45.7,35.1,44.3,43.5,44.5,48.1,43.5,47.2,48.2,46.6,43,40.8,45.9,41.3,39,44.9,46,41.5,45.3,46,47.7,47.2,45.2,39.2,42.5,40.2,44.4,46.6,45,45,45.5,44.5,42.1,44,48.4,43.9,43.3,49.9,47.2,42.3,45.2,43.2,47.6,47