87d674775b542a8c19027f94b5ff230fu6dbq,43,324,1,24,43,154,282,3,6
09886a694696deb1bd6c3f12c6acb08bg66sz,2,2,1,0,2,2,2,1,1
d69bf27f376767def090716bb47744efdh18u,3,3,1,0,3,3,3,1,1
406203c5dcf639a71b76802cb2a66ee8oe1e0,3,5,1,0,3,5,4,1,1
e0fa75eb43b7bd390221db66926f7563hgapj,8,9,1,0,8,9,9,1,1
5c2e85ba72b9e9e16f77939fee7ffb5eivaqe,1,2,1,0,1,1,1,1,1
7fe504252783ec1fd2b203d3de7040e6lflsb,5,7,1,0,5,6,7,1,1
e71ab1c4a06a6ad1070112012ce74860s734c,4,5,1,0,4,4,4,1,1
5e33aec752ce4df9c05102ec94d146f2o4t0q,19,54,1,0,19,42,50,2,2
98391a85e104554a6330f930c4c91847ypiag,1,2,1,0,1,2,2,2,2
22fb740f267ac617118261b2fd3365batisfg,2,3,1,0,2,2,2,1,1
c780bc2dc7ab83d5e5c85dd13f0f7fdecfxjq,18,30,1,0,18,28,30,1,1
fb3620e1a7ecd3d00ad46538ab2f4598whezy,32,50,1,0,32,45,49,1,1
069d251f2fc19102924468ab38349d5eou7ab,2,2,1,0,2,2,2,1,1
37bb683a2a94501f05987d6d9dfa918e7fnz8,1,1,1,0,1,1,1,1,1
0f935208860a0d3378475d4a7728ab9bimb3m,2,3,2,0,1,3,3,3,3
72dd0e4788d25f62cc2ba942bb9499dc7quqj,2,2,1,0,2,2,2,1,1
245b0605cc3a8a2030a77bda23e6f2cd32612,16,18,1,0,15,17,17,1,1
91dcfc10da696a6d90966ff795751708er5fp,2,2,1,0,2,2,2,1,1
3476e0b9bfceae0674b1f8338e2339dcsqkyp,1,1,1,0,1,1,1,1,1
f44785b73e20b050fc93d138025f66f6t4ojf,5,6,1,0,5,5,6,1,1
782557b3ec17063f2a36fc9193ed3200h14me,1,1,1,0,1,1,1,1,1
5053e03863b6887308c8446cefeec429l94tg,12,43,1,0,12,33,42,2,3
2419ed502cf6b4cc6feb0a47697a045b4gqiq,49,128,1,4,43,98,101,2,2
bbc20f1d1bfe8059bd64bbdac4d5f11e5c3fv,27,39,1,0,27,36,37,1,1
a3fd513f1ffdebebbab35e0a6fb6de85bl8xj,10,17,1,0,10,11,17,1,1
055282b75717345ba6f53d40e9e6d6c56qrzp,69,296,1,16,48,134,256,2,5
76f17ce227e593aeff456fed46e36c83a3j72,32,100,1,0,32,77,93,2,2
55533c2e8cebb94e6565d9261b4d3e5021tp1,1,1,1,0,1,1,1,1,1
b02df28d2798f0b6c2b1112a9d407ae7wbj8r,10,17,1,0,10,12,13,1,1
0457e2bcdd0a06bd9c8dc3ea9b3c1a7419mgs,1,1,1,0,1,1,1,1,1
a58ace8b671a7531c88814bc86b2a34cf0crb,217,2912,1,3066,202,1589,1695,7,8
e909515a6ae94a86027c717c4085954akbpt2,14,17,1,0,14,17,17,1,1
d5afa1278defccfa53afff508a248281pbj2l,2,3,1,0,2,3,3,1,1
98a5197faba8ba72d6ee9e1c95d65d737sigb,1,1,1,0,1,1,1,1,1
52d8066e28f168e5bee769559ead307e1go7e,31,46,1,0,25,42,37,1,1
0d1815382b08885d76c671ab600133adeyp5e,47,79,1,2,39,71,74,1,1
db3e8f2e5fa44425bae33621933e08acmda4m,26,58,1,2,26,39,52,1,2
c2d3a7972d88dcfba5d449ff41f79b4djsvzz,2,3,1,0,2,3,3,1,1
2e59bb1ebd5b903caf262edc6ada81ab1ezqd,2,2,1,0,2,2,2,1,1
dad3089f005ca0e4cb8c873c4f47ad48yhnrg,4,5,1,0,4,5,5,1,1
fcda141af3b545332fc3b2d55a8bba74uw7s0,1,1,1,0,1,1,1,1,1
e97becf0d4632035ad4cd5e65c827d6f0xawy,1,1,1,0,1,1,1,1,1
2934c98b967528f4f96078f9b36a1ac0o62sn,1,1,1,0,1,1,1,1,1
6620e4698cd4db5b04f0621968554db6dm0i2,2,3,1,0,2,3,3,1,1
8ab5f424b4fcc854c66b654e66e79c7diy0xs,31,225,1,14,30,110,188,3,6
cba6f45915ebbd4b5404c6d357153c0adeblt,2,2,1,0,2,2,2,1,1
100313171b347e1818328f69001f12ceg0agk,1,1,1,0,1,1,1,1,1
a8561bec318a7d3a0082b35b086b4428wekph,16,26,1,0,16,23,26,1,1
246c55639cf85c682d58cbd2ed6a6563vk2yn,19,32,1,0,18,30,29,1,1
ce82fd4ac6e3ba449bad1e29f039203agke56,25,74,1,2,25,55,54,2,2
8c4391602dbc833beb703584ad84f9devqk3m,21,50,1,2,19,42,48,2,2
79171cbf19c1a21c24f7193a96b60d3df3gtk,27,135,1,136,26,27,35,1,1
d79919e5ba11f26bce5e70f0a4f859e3e4q9y,13,55,1,4,13,30,41,2,3
3dbb502d9d6f89b26f62cc804df54dcandhp0,5,11,1,0,5,10,10,2,2
4bc36458d9e977d4b4f6a0e6834c75bd66bsz,15,21,1,0,13,19,20,1,1
6086425310e05e77a53317490e8c1f3cxzf2r,2,2,2,0,1,2,2,2,2
cb08091907558694c82474f05fa81567pdtie,12,22,1,0,12,22,20,1,1
531d656c84646bf23afe71f527c057c6b9bpw,5,7,1,0,5,6,6,1,1
a10148d740188815f05abc9afad584d87i7k4,1,1,1,0,1,1,1,1,1
ec6a63d9b1603ece8d03444f1447532cnkw5n,2,2,1,0,2,2,2,1,1
558f1a983d66701f56ce2f5b05839eee9fdho,2,4,1,0,2,2,2,1,1
cb91f9860f086052d7091a4ae7c23853uhlzb,26,37,1,0,26,35,35,1,1
39fb4d57b5bb0e3a4848249974843dcd029lf,1,3,1,0,1,2,2,2,2
92f8392be617527734a2f18482815af9ak8l3,33,51,1,2,33,47,51,1,1
945c7f4a9d8780193f262bd8d61378c49fbrw,8,57,1,2,8,44,43,5,5
3cccf376d4318df23f4bd9321cd83cf0ys9lz,3,4,1,0,3,4,4,1,1
e646db4cf8584cc9607fa26470fd0297vz3hn,25,91,1,4,19,67,85,3,4
1c21498b266e8807edf291f7f7fce942nw8er,1,1,1,0,1,1,1,1,1
58728a6afb14d8beaf1d0e98d647cff6sores,4,10,1,0,3,6,9,2,3
48badabcce6015d257ff5809761486c8qgjul,34,57,1,0,32,56,56,1,1
43253785c89ed2a1b674089a4cd08db2ts6o3,1,2,1,0,1,1,2,1,2
2412740e958e38cf409b9a7d1e4f6336p9rf6,28,105,1,4,26,64,94,2,3
82f35ec74e372623df8729e1c4c10b49v2zdw,41,87,1,6,39,77,82,1,2
be89e6b7bfec11cbfad87470ec44cf738wume,10,17,1,0,6,13,14,2,2
adf8ce6d206f275b4634711399851867gx7gi,13,33,1,2,13,24,25,1,1
464506515f2ae684bd510b3a50b9121ec7v3a,1,1,1,0,1,1,1,1,1
6293977f00232d6df7e5b8897fa77b368obfb,25,28,1,0,25,26,27,1,1
9268c5298c0588626d8c53fe7845a00eznhjt,1,1,1,0,1,1,1,1,1
47efdea29f084d75516f475ee2e21695ira9g,9,15,1,0,8,11,14,1,1
631f923b7bcf91f61a2e9f96520bd8c8vtl14,24,37,2,0,11,25,25,2,2
d30fd9b4ea5444281539670f3da5cd880j572,11,39,1,0,11,27,34,2,3
308def7f05575db9bcb6a67207d6c1beb2cqt,3,3,1,0,3,3,3,1,1
db70912c1b63dabc38ec6857b78e97d515b3g,1,1,1,0,1,1,1,1,1
84818ea42cabf67a7f566be28ad5f4e4qyx0r,6,6,1,0,6,6,6,1,1
2eb091188f68a709f9b000eb9ceeabe2fiisr,3,3,1,0,3,3,3,1,1
ef40c29a478ca16687a76bc405097bbagamph,37,137,1,2,36,97,116,2,3
57ccc447934d14878b133c7f5f5109b308dme,3,3,1,0,3,3,3,1,1
c1859303603734d90d1a91d80977e14echjim,29,115,1,2,29,75,107,2,3
309f446bdb138faeb18072285ccd9901gz80c,8,12,1,0,8,12,12,1,1
cf9a1c3af63d1bc3f55728b4a06a5f46njrac,4,4,1,0,4,4,4,1,1
caa74df2086d71caf6c1b2b9c81d3d98xhpv9,1,1,1,0,1,1,1,1,1
9744d8ea513490911a671959c4a530d81fj5e,4,6,1,0,4,5,5,1,1
b9ec92251d0c2050ec5e1cbc916e6f06x0wtd,5,7,1,0,5,6,6,1,1
e1dab1cacb09b523cfcc9922270947f8xdjbx,41,83,1,2,34,75,80,2,2
0dea01e325acccb9d2e7cdbf0150619c6aycy,13,53,1,2,13,44,45,3,3
a6e261c09ae8aa7d0a47ffeb0110aa519jowa,14,17,1,0,10,17,17,1,1
083bc8dabba83902d98f0dd986388319sryc2,2,2,1,0,2,2,2,1,1
c41cd6791e262b44d26bdb3443fcfba97wlm3,50,239,1,8,47,142,195,3,4
3f940f483a3b8a1e89c902810846c94ddlogw,17,24,1,0,17,20,22,1,1
a57b4757ba873bca8fa25795be3b55ffzf61l,1,1,1,0,1,1,1,1,1
6a5a9104808bf7946a21160fc40c0451i6mse,36,64,1,4,34,57,63,1,1
efeb284424d406f8dfb4e497e92ae7211mhs4,7,9,1,0,7,7,7,1,1
e61e92aff27c2f4dbd0f668ed8848bfb7t8sz,9,11,1,0,9,10,10,1,1
cb9ab33bc0d7df081be2088f1707fd05b9u1b,1,1,1,0,1,1,1,1,1
17d65a8deda79d28ba1170c163446f58po6k1,2,4,2,0,1,4,4,4,4
d13347df4048b290cf968422d118133f71hq0,37,75,1,0,36,63,70,1,1
f2ec1fa9b2a134bd405ad9d552df3f29rhjnv,2,5,1,0,2,2,2,1,1
a1f098bf4b0591c08ee404ed930a50feqd28q,50,239,1,0,26,126,180,4,6
458172a6455a457b1784eebfc663241a25lwy,1,1,1,0,1,1,1,1,1
654bb0eeabbe1554aa8c02ff13037b15anqft,1,3,1,0,1,2,2,2,2
86e50263881b0d382b55777185eb648aagh1g,7,8,1,0,6,8,8,1,1
fbce1f9841cc3e740c445945a8f17be40vbg2,7,10,1,0,7,9,10,1,1
9be5ac30ba636e0eaea2755af7b4300bvb7wv,4,6,1,0,4,6,6,1,1
bc7722baf876d0735ddc885691eb687bgz365,9,12,1,0,9,12,12,1,1
49c3957287d24e69713e4355933b74baoijix,3,3,1,0,3,3,3,1,1
e0fde4b9b7ec14e80de3c811ecae157f6kqd9,7,7,1,0,7,7,7,1,1
af4a266bdb760984d30a72f6213a5cc2mg47h,1,1,1,0,1,1,1,1,1
5de403f3d49221bfa7116570a4d572d8m19sh,1,1,1,0,1,1,1,1,1
f80bc30698e832cd30f814aae2c34721kjozy,1,1,1,0,1,1,1,1,1
4ab12bc61c82ddd9c2d65e60555808acqgos1,5,13,1,0,5,8,11,1,2
0825d381aa09d1d0c47c77c372f07acbe02ky,4,5,1,0,4,4,4,1,1
2f13d3d968cc52de9f8d50903d415b81vyx9g,62,163,1,12,58,138,160,2,2
50a7fd67b3bfb97a48e822280e7a6e18imbme,5,5,1,0,5,5,5,1,1
46a28eaed47c29b4fd148a50cde44840u0bsn,142,515,1,106,139,372,483,2,3
eacfdb47b3daccebd9f16779c5542fe5eytoc,2,2,1,0,2,2,2,1,1
69b83f00712a7306eede7db66f71bfa4ebsd5,17,25,1,0,16,23,24,1,1
6814f3050241b24740bf66a46ea47041d8agb,2,2,1,0,2,2,2,1,1
f01e3769fdce36d31eae85525827ab17xeu31,1,1,1,0,1,1,1,1,1
e12177ff9c1a8413996f7b1a590980c82ofeo,78,145,1,6,72,123,133,1,1
f2f253d3cc0e5441fb667abc7a04c811emaeh,13,22,1,0,13,19,19,1,1
e708c84dc8017b37ecb19f4daf60d041fznqm,44,81,1,2,36,72,74,2,2
526bcde22673b8c5faa642df2662ca0a04zsf,3,4,1,0,3,3,3,1,1
ab7cc752f0ed98d7f8c85e02dbbc4772z9xpx,3,3,1,0,3,3,3,1,1
6e9e5cf9c0ca9dc95ee5c485ec935541wev33,2,2,1,0,2,2,2,1,1
6832f0668c6c56ed3e36bb51e5567d662jjgc,1,1,1,0,1,1,1,1,1
7d86f52432f3646571209c948933846cp1qyl,5,7,1,0,5,7,7,1,1
55b39a51c925bfb42fb812ebc5fe318emsjjf,2,2,1,0,2,2,2,1,1
903ae334d2ca4eac53cf2677a094dfddrprn2,13,16,1,0,13,13,13,1,1
713fa3177b9c9c7c92cc9f74b71e84db0tss4,88,1219,1,542,87,491,963,5,11
86d8e1d1e76212d0b984180b3299b86867e7s,37,88,1,4,37,69,82,1,2
c4856fd5abe8f6d6dea36ca2fec444faauos8,74,265,1,20,73,154,202,2,2
aa5f360084278b35d746fa6af3a7a1a5ra3xe,306,2401,1,2092,241,1236,1985,5,8
0cea6e30d0b3e33b2a77d68b8c8e1ab3vzomo,15,36,1,0,15,27,32,1,2
e67abc3ba39537cc640678297a7c5bfag490k,3,5,1,0,3,5,5,1,1
ca8c4c51ccde4ef83a1141f01cfdc1b7abmle,28,66,1,0,28,48,57,1,2
46c0ae10d60c4fde2b6301bbafecd7b8dcla1,11,17,1,0,11,14,14,1,1
5920a92dc2b65e257061017a04eb5361tpa9b,7,7,1,0,6,7,7,1,1
1cbd9081de4481ada66f1853737f7684ddjd1,14,30,1,0,13,16,29,1,2
383fb0bd288eee29232a63f3a7a94ba7l7473,53,140,1,6,41,110,131,2,3
ecdee54cbaf68ef9652ffbc22046ffe6mok9l,2,2,1,0,2,2,2,1,1
8c2bdb9dd878a811701838002627a056be0ce,25,43,1,0,25,41,42,1,1
d9c6b6d7290e4475bcd6d264fb33a706fqtvc,16,29,1,0,14,22,26,1,1
051586c3297f5b992000048f3704550fxja6g,121,220,1,12,111,192,202,1,1
1743a7bc18fdeace47c52d819aabb0beodwpr,1,1,1,0,1,1,1,1,1
990db0dcdb665fb8fda5845b3e5d63082mbqq,105,504,1,64,64,263,381,4,5
36321d6f92f3d9800d8e812b2cc69770ma2e5,28,34,1,0,26,33,33,1,1
7e59b1dea393979886a6adb8be87e960r4uaj,4,4,1,0,4,4,4,1,1
a945c65b19da56d0c7358d8858fe14e8ulfel,53,363,1,66,38,229,242,6,6
644e284380171fa793695a91b6a12c28jcwku,2,2,1,0,2,2,2,1,1
d179b158f23c0d77c3fdf828694553b8xu7ke,5,10,1,0,5,5,6,1,1
f19c1a19d5ae5f9b0e85850b81293509qcpm4,2,3,1,0,2,3,3,1,1
71f9f2d9c3d236d9d8c7e856b0defba2xx4gg,3,3,1,0,3,3,3,1,1
d154075c75cbb3f4b716a16c88eedd774i8s0,2,2,1,0,2,2,2,1,1
c671c7faec19e9409eed917213831d0015juj,24,83,1,4,23,53,70,2,3
f5c3672cca2f99c24f4ddde10b8ba0c7s5v9o,1,1,1,0,1,1,1,1,1
c5120d10a23eb0c10d56a19fecbf9da85t4ow,1,1,1,0,1,1,1,1,1
98e6819738c6e248929f9bd16597f5295tz6l,1,4,1,0,1,1,3,1,3
a351fbee43a761cef22150a06645b52c1k104,3,3,1,0,3,3,3,1,1
a8a59337caf684c40c0eafc1e69e30a2zbv1k,2,2,1,0,2,2,2,1,1
ffbc0fdfbf19a8a9116b68714138f2902cc13,117,472,1,104,114,340,430,2,3
32a86678f99557d9f34e4e41f07502053tzni,2,2,1,0,2,2,2,1,1
8450bea2a7d61ccb81a53e57f7f441e1ccqrb,7,9,1,0,7,9,9,1,1
c9c96eb035b9d80c1c507c7298394ef4f6mkh,7,11,1,0,7,11,11,1,1
e8291466de91b0eb4e1515143c7f74dexy2yr,184,566,1,118,151,393,512,2,3
deabc6af9e623e461ff5f397a412db703ns0m,1,1,1,0,1,1,1,1,1
fbacab353140582a4b8ae3412eefecbc753vs,2,2,1,0,2,2,2,1,1
0306d10ab30a2f5cda41ae7ed77b8d31oehvv,5,5,1,0,5,5,5,1,1
bbd1d48ef4e8e7e3855938755275ad2b2le9g,1,1,1,0,1,1,1,1,1
ac32d60b9c34a1a06d7ac71d11944d2fucr59,9,28,1,0,9,20,24,2,2
49710fce63f54c68f9bae6141673e7c5s1ywf,12,26,1,0,10,20,23,2,2
e4a37b9b61a0a50049f3a5148ea2d0e75is4l,1,1,1,0,1,1,1,1,1
462df7ecf1d47980dea6a93d44fb408d4u2d5,1,1,1,0,1,1,1,1,1
708ba5d36271639a9003ace4dc2cc540mugek,5,6,1,0,5,6,6,1,1
61093c578666a029ac4bbc254982626ae2k02,2,4,1,0,2,4,4,2,2
9a12aa1aa3560062c6f84bd374eb5f7f422vq,1,1,1,0,1,1,1,1,1
7e4a99f7ae5fe3a098c9c3f21b9a5cbfa4w4t,12,14,1,0,12,13,13,1,1
551a480d83ce94188b11aac799c7ac27y6qlm,18,46,1,0,12,31,37,2,3
9372e27ce85a8c8b9460b87c37cf55ecqjjkd,4,4,1,0,4,4,4,1,1
776d0dc962c7e87d643a93e2940db8a30fvgm,15,19,1,2,15,19,19,1,1
283987b9f1ffd4514757483ee1f01351xd678,6,7,1,0,6,7,7,1,1
67b022aa45aa24f305aa95b261512d9bw2orz,86,321,1,38,84,205,264,2,3
b114ef5d3193c2693b4ce41d8014000drhme1,13,17,1,0,13,17,16,1,1
fc4380ac57911f6b646e5dace9ff406ewd6ic,3,3,1,0,3,3,3,1,1
624985d5948dec84ecd5302cb9c84256nspld,1,1,1,0,1,1,1,1,1
b6a3aa8c0f2302fa35d7b809d9371deeypvyh,3,5,1,0,3,5,5,1,1
a0619b8174a48bb05ff995288fea6d88zsa8z,29,45,1,0,28,38,40,1,1
ad49c07ce9c22f5bb8ab64532c2e7356jxn65,1,1,1,0,1,1,1,1,1
1e6fe926f053ef52dbcac176ff5c9061ldb32,8,8,1,0,8,8,8,1,1
d529e9a894a4c21ca7e16cc932b791519vw73,3,4,1,0,3,3,3,1,1
22c42f5b64b665ad5dfc6a08abf4ffecbw3k0,1,1,1,0,1,1,1,1,1
f6fa31944ec345bd95de03e739ff0f43mgxjz,1,1,1,0,1,1,1,1,1
ffd62646d600b759a985d45918bd6f0431vmz,8,10,1,0,8,8,8,1,1
ecb413b43fe4937e0d8ff1d43e1b077e098kj,17,57,1,0,14,42,53,3,3
b07a209bcfeb553f6b97e77d52c1c72cmvu38,5,5,1,0,5,5,5,1,1
6e7888e1408e03af663bfca0c946d0a7vij6j,7,13,1,0,5,12,10,2,2
42cafb9824dcd68ce7631428dd981c5f6x255,1,1,1,0,1,1,1,1,1
2d5c33788d8fd80dee80eedffa14acefqdvnf,1,1,1,0,1,1,1,1,1
36c21b34848c8f276626ebd845020641ly5ob,3,9,1,0,3,6,6,2,2
45bd56666e7f3693a319ac24d7dd4046m5ime,70,228,1,14,62,166,207,2,3
2d2ea85c4bd86060aa22964aad9a8781xu7fe,1,1,1,0,1,1,1,1,1
27f8d3b76589437f24b49352b4d1f055z6ou1,5,11,1,0,5,11,10,2,2
78ee279dd252ac2f32a5434fa787011fgw4n8,2,5,1,0,2,4,5,2,2
8b253bd318229b3eea3f459bd81b8347khytb,3,5,1,0,3,4,4,1,1
afd5315b36f8a5fe21a81d9426737909pykst,1,1,1,0,1,1,1,1,1
1801ddaeef244a2a7fa64cdd9d582291xnk4a,11,13,1,0,11,12,12,1,1
8a2b950ec6f3c73253cd80133d184cdawzip0,5,5,1,0,5,5,5,1,1
d85d3ee9861de487522a9de004104ffar6ggw,1,1,1,0,1,1,1,1,1
fbe1b9bf0bdf9dea589fff673ef0f2b1my7jq,1,1,1,0,1,1,1,1,1
7fe34a652dab73b90d39f3d965cdb09b5jnh9,62,121,1,0,59,104,117,1,1
d91a4421996dcf429f575e372915cdcedae6g,17,18,1,0,17,18,18,1,1
2918b09c1ed9e9e8602f85175b266aeej5v6w,2,2,1,0,2,2,2,1,1
48fd18427f5e4b8d9cb568aa5cd6a3f9sizo0,10,14,1,0,10,14,14,1,1
6aeab198df208f8628825f7eb3ec3701p2ybk,2,2,1,0,2,2,2,1,1
fe37b8b29d26021ea9462bcc7c5bf5c2pbya7,24,70,1,0,18,51,65,2,3
219918e0b27cae16ad5239fa735f2c06sqsur,14,15,1,0,13,15,15,1,1
4089a2b7f26e5c13a7f3350bd52ebf8fh21nm,17,86,1,2,17,60,73,3,4
29fd44cfa9a95ddef8ff34b3459637cf46ydy,28,78,1,4,16,59,63,3,3
766f38fbdd22eea7df32d2adf32d8172xnh30,1,1,1,0,1,1,1,1,1
f4ad276544656ed2182af92e3b88dfba8l3l9,26,37,1,0,26,36,37,1,1
8e956a7d3b9710b2e401e6ebc9d5fdce0dh3b,2,2,1,0,2,2,2,1,1
ab056855c9ca9d36390feae1fa485883issyg,2,2,1,0,2,2,2,1,1
cf007c1fee83e76463c5d6bf1e576581og9m8,2,2,1,0,2,2,2,1,1
1ecfb1f35ccf2f0c5490dab989e3bd6cx9ijm,100,331,1,66,88,285,294,3,3
e7cd531ebb68967b810d2d778424e2b6plbbe,2,2,1,0,2,2,2,1,1
8c6910cbee922c692c0c57c4b17de1765of30,8,8,1,0,8,8,8,1,1
07a5dbfbf2629ef7018abb660fe0e795xmrw3,2,4,1,0,2,4,4,2,2
ae817305e82b580f9ab89f1a379488e39il4q,11,15,1,0,11,13,13,1,1
64e802fa8e0c17ec2ba1b6425648b7cb7ndkn,5,5,1,0,5,5,5,1,1
5f71b733495a60350cd72dc319debb3c9yce4,24,36,1,0,24,28,32,1,1
01349288df20199905e719f0ff7ee771nwryj,2,2,1,0,2,2,2,1,1
142d8558f0ef01a2091d907b8971557dc8yn0,2,2,1,0,2,2,2,1,1
22f0bec63d9700582aa5eee07e8f853a83rxq,1,1,1,0,1,1,1,1,1
452124ee6a2cbf1d7994e6ab2611d0bf8a5hb,1,1,1,0,1,1,1,1,1
d36857d18a397e7e24d05dcbef3b919ftjstv,2,2,1,0,2,2,2,1,1
21f5b103136104e4947e293983dbaa5b4tder,35,84,1,2,34,62,81,1,2
fd10a3b9be97f053f251665e122aa15c0onyu,50,252,1,10,48,134,222,2,4
dbd340def489066ae13ffa5cd68e6d2917li7,181,663,2,166,71,440,500,6,7
e3e0c5122965d9b4aadde3a7dd7d29d9u5a16,1,1,1,0,1,1,1,1,1
e4a9bdad09ebc5d5a264723855fcaaad6q52x,5,8,1,0,3,8,8,2,2
0c47587c4459baed81d0b707eff6b4bff5tmx,4,8,1,0,4,7,7,1,1
71f06efb420815d84942625cfaccc610wqrl5,2,2,1,0,2,2,2,1,1
d6a673d6a671d9bca6e9e6440787282crg1xf,1,1,1,0,1,1,1,1,1
dd055846eb553ab8e953b084f2048d53bdqec,156,1433,1,780,147,599,1070,4,7
515470bdfddc3e4b3b0eb4f8b1ad4010zxmqj,10,11,1,0,10,10,11,1,1
e134f2bb79d1a810aada6a24760c8910mh5na,5,5,1,0,4,5,5,1,1
bb73823b1c3f577402c9aa9eabd1e412vp2xw,15,20,1,0,15,19,19,1,1
585e7c21b80baf2225224fe140cdb1a73ddrf,10,30,1,0,10,23,26,2,2
1b3d3b5e7ff605f6bbed5ead69e6598f8f3ya,3,3,1,0,2,3,3,1,1
d3ab33e9314c95d6806813171f292299tmprm,1,1,1,0,1,1,1,1,1
8e2f86f54b3a2ae6307ef2641ef4085b674qp,11,11,1,0,10,11,11,1,1
8b1744fa4c2ea7bf6ad53e216b8d7ec982402,8,9,1,0,7,8,8,1,1
a96978151b02d9254edcd77d6276b0889frnl,5,5,1,0,5,5,5,1,1
7b93ccc9d5730b561ec5fa7f4bd48c04qudf1,12,15,1,0,12,15,15,1,1
8e78b9881e4f7e31d9f21badbb7841e5b439b,1,1,1,0,1,1,1,1,1
5324221d38a79636bc4560cbcf2d75c4gimrm,1,1,1,0,1,1,1,1,1
ca5672fbfc37873e93a864a2eac05d61gvtc1,5,6,1,0,5,6,6,1,1
1ccdc63e5af0d3ba5c726c46c306664aze1j9,3,3,1,0,3,3,3,1,1
ade9f9375a208fee676150734897be82z6uks,1,1,1,0,1,1,1,1,1
879031788c41f3e01927c2d74e7a3487xlsfl,5,5,1,0,5,5,5,1,1
4cdf0aaf5ef5d0cce46d10a864661e38u9bsn,19,33,1,0,17,30,33,1,1
ed1c8aa8e089f30a611ff76d2b98657eu56pd,27,32,1,0,20,29,31,1,1
12d45642471c1159b3b2fba01053c65awfvzj,2,2,1,0,2,2,2,1,1
6d033ec559ea79a8ffb90d80e0b24e93j82av,1,1,1,0,1,1,1,1,1
7a9a6d6f5f059880ca558dd81da3e552ccyv4,6,6,1,0,6,6,6,1,1
91b5d5034d073393f496b0a299484056zkxj5,1,1,1,0,1,1,1,1,1
4d12bfd7ac836e30611a32012a0e55c03hkj7,2,3,1,0,2,2,2,1,1
6c8ffec692e88d81e1b18d47818abb04v6llr,281,2207,1,1694,211,1110,1394,5,6
b4224cc64c82c6d7bffee7813cb3d9cacx9wd,1,1,1,0,1,1,1,1,1
e3235425776ba4746c90154d7ba9b174z4y4g,1,2,1,0,1,2,2,2,2
8b136a04788e6a8330771651866d33e1ul52e,8,9,1,0,7,9,9,1,1
30d2d8c6d8641a81a6a5dc0aee1036d0g5uge,3,7,1,0,3,6,7,2,2
7900c9dc6bc29cacd7ec41e18467e1f2el6lv,72,123,1,2,66,106,109,1,1
08fdd6af0ffe017623d5dd2f3b509f598dk01,6,11,1,0,4,7,11,1,2
f54258c2e26abb410bf4733f7fde4671jf5a0,8,11,1,0,8,10,11,1,1
2974f614bc988411be383b2d6d52003fdb1ps,11,15,1,0,11,15,14,1,1
be44fce4054dff79d9df22968d65d614i363b,4,4,1,0,4,4,4,1,1
eaad20ae39d343daf76adc0b1a4984faumuzj,1,1,1,0,1,1,1,1,1
ea0c4f1f221eccc1d9141f012b3c941799imw,8,11,1,0,8,11,11,1,1
84d5fab6180ceea51bcdd051f29162f38zjmb,3,3,1,0,3,3,3,1,1
445305769cbfccafc89ff5ebd004598einesy,38,54,1,2,30,52,54,1,1
a447127835855849fa2ee496d05e0847fgt68,19,40,1,0,19,34,38,1,2
d8b3e32a6f8436acfe9984227c9d1e57qemx2,3,5,1,0,3,4,4,1,1
9f4345c82dcb57f835022b0b43141e658wx0p,1,1,1,0,1,1,1,1,1
5fcec311d29fdcdc8f1b662eb2068997xt2oc,150,558,1,132,103,320,419,3,4
9791702a487aaf4d60eb0357a5ee8d1292mg5,136,485,1,66,102,366,412,3,4
5f529b5ee68b60482c5d0c56ee91f3c2cjrmx,2,3,2,0,1,3,3,3,3
8b809e18804865ff2a2e799c9a5e8a48mtxdh,3,4,1,0,3,4,4,1,1
5c2b3f221cdf303df86ff1ffd7106fcco6pml,28,47,1,2,25,42,47,1,1
802e5f110cb22b03ca16f8c437a9ae59a0j5x,22,37,1,0,22,31,33,1,1
b52eb1fc50e9aaa3a011d8db44d3be88da2hn,13,16,1,0,12,16,16,1,1
29e08b4d18198fe9265772fba3a4f6c4mj1rw,12,12,1,0,12,12,12,1,1
7600e67fab95851c1bb389cfb62b6670l4ynr,3,3,1,0,3,3,3,1,1
c50c611f2dd6b9a084658694edfc62a418fpj,8,10,1,0,8,9,8,1,1
f670fe91b3016f6ec866de0ce42cf7e7cuan6,9,10,1,0,7,10,10,1,1
39a5a16e5a67c2fb51789cea4d3091f0mv996,8,8,1,0,8,8,8,1,1
17426ea6a78b89ab83bf1d5c2df04833wwrff,3,10,1,0,3,6,10,2,3
d3e5e8e23900e03013a706c8e9b306f2ryobh,11,19,1,0,11,15,17,1,1
05a07a27e235d01fe480ea6ac73b8838jq28x,5,5,1,0,5,5,5,1,1
1089e72bc4276494728a2e37b11adbfbdlacv,16,35,1,2,14,26,30,1,2
83c9359ad94eab7f4b8fd582a6db4733frmsr,2,3,1,0,2,2,2,1,1
f7e6453fde8d5781cc40f7f25f200ea8yo49z,8,9,1,0,8,9,9,1,1
d174177146370aacbd5ae107b6be78828tx3e,162,418,1,66,152,333,374,2,2
b080de3950e44ecb2a5d674391ab4d58n4zlj,2,2,1,0,2,2,2,1,1
3f02ae600a08f81ce7facb5cc4be7d9f16p74,8,8,1,0,8,8,8,1,1
22ac329a857b762cd0b0492166aa7557w7x8f,10,17,1,0,10,15,16,1,1
84c3f1ef08df383bdc98f5465e885b6edepz9,6,29,1,0,6,12,27,2,4
45972f59df79953d9bcf04a76dbe0f51z23qd,112,267,1,16,90,220,236,2,2
b7400d34c23efde5a17be07bc684a0e03hlyg,3,3,1,0,3,3,3,1,1
d3b80413593da089479374693f95cb19zjbeq,9,11,1,0,9,9,10,1,1
f115319cca2ae8ddc984aacdc5a438b4yz080,2,2,1,0,2,2,2,1,1
32438876ea9cc5c439abd06748560f11cwm6n,10,11,1,0,10,11,11,1,1
ead2ec4563ba25a9e9d417f1964b7504teqtp,22,79,1,4,22,58,71,2,3
37bf6f23b628a3e2b5b22ba81beccbef0efoh,51,297,1,34,45,170,236,3,5
40efc98d259ee36a8c2a387ba49f39d0fa39h,3,3,1,0,3,3,3,1,1
709d1b826b7d20aced4e2c8afd9185732z4q0,5,8,1,0,5,8,8,1,1
282fe85277f7c07b0ffbc5fed621a02ezp1zr,16,26,1,0,11,21,22,1,2
916aedb8fd708e100318969dfe57a4639hexd,2,2,1,0,2,2,2,1,1
6ceea2e62f9c4f03f1a4efa7f8d2b2416hers,1,1,1,0,1,1,1,1,1
56b55e6ab49a4cbe7c76a2bbca804089pjq0g,15,17,1,0,15,15,15,1,1
c7d335bf99b9c71fb22797ecbd78b92ashv4h,4,4,1,0,4,4,4,1,1
caa452f2b1e9c2010bfa1e2c38daf5cfvxth3,4,4,1,0,4,4,4,1,1
1bc93c2cf45273a126da786e9109bcfbnhw5f,9,14,1,0,9,13,13,1,1
050a3b29ca1818e1f237df8132bc2013bcuxi,1,1,1,0,1,1,1,1,1
1096778aca48c41c8d0e288804d5e4e128pco,12,12,1,2,12,12,12,1,1
c8d0092192a5330ea513cf718a87d05dcwoaw,1,1,1,0,1,1,1,1,1
4f891171f7b09f54d8b4f30b48421f178m75r,16,22,1,0,16,20,19,1,1
24a160cf273dc47d3a0073c25593157cacfzg,1,1,1,0,1,1,1,1,1
9114f32d9382a45ecf2772053293884b5o9oi,3,3,1,0,3,3,3,1,1
3939ac3ef7d472a59a9c5f893dd3e39fh9ofi,36,152,1,6,31,101,134,3,4
9a33ef9b510222d2c2b37f25ed0b00aap5ybe,3,3,1,0,3,3,3,1,1
f4d69870de1e803fe00f8126e73a7e33zwcds,2,5,1,0,2,2,2,1,1
529356c0fae85d4594b21152046dd2a4gcig4,11,16,1,0,11,12,16,1,1
9adae18220565488f77036be41cf71beiepqk,5,5,1,0,5,5,5,1,1
5e3ef2cf0b9d07eeb8483008985a0d66ewqoy,3,8,1,0,2,8,8,4,4
e18e3d0fbfba81cedcae619dfa977875p10ta,1,1,1,0,1,1,1,1,1
7c08de9de285265b2c34970139331f9fnr9ad,4,7,1,0,3,6,6,2,2
86151544b29ad273209ec4605c257b089z588,2,5,1,0,2,3,4,1,2
4335c5ab60e47755ba4407f51bb2bcd6c1ajp,2,2,1,0,2,2,2,1,1
64b2a3d72fd485989bff7ee11bf66f7b51j0z,1,1,1,0,1,1,1,1,1
61214389fd39950f71473616488b8fb74dicw,6,26,1,0,6,19,20,3,3
b766fbc1d5d0525e18b094162b543b15ub8qf,1,1,1,0,1,1,1,1,1
8d49c8e70bf96a255baf30acc76a3f59b394w,4,5,1,0,4,5,5,1,1
b4259cbae2d1542752b49b96c544be2bxp8u2,18,32,1,0,18,25,26,1,1
2875910af61db519ddecc749eaf149f4q4dmc,32,59,1,2,29,54,57,1,1
3ac81d708c898497d8c9b856276a17c6x9e6x,4,4,1,0,4,4,4,1,1
2b7fcdb76d70c545ece5a6d485ccc762czjcl,1,1,1,0,1,1,1,1,1
9dd7e7ef94a7bc5bc9f98c42099910e7o76qh,1,1,1,0,1,1,1,1,1
58ea3d35765cb8ceeb6b4be54d754ea0bpguj,1,1,1,0,1,1,1,1,1
ab9a93f578a020450761b6410a80424ffvwwu,1,2,1,0,1,1,1,1,1
ab3e02a6b47b250b738fdb010dc84cd7lrr07,1,1,1,0,1,1,1,1,1
4232a238b62c76354ab4b078ae70c7dfmhorx,25,53,1,0,14,45,47,3,3
1f0c7bb7338c3d693f566e78db3a0aeayibsm,1,2,1,0,1,2,2,2,2
25331706aa2157419da068e93f3989feyo7a0,6,11,1,0,6,10,10,1,1
25a4ee3a528004bcf4f4bf62b9208a7dx96pt,23,38,1,0,18,36,37,2,2
3e85a43950c71b1988a814682abd4392yakvp,12,16,1,0,11,16,15,1,1
f80075873f7183a03b1b10ac3f740032v6w99,11,33,1,0,10,24,26,2,2
60f58637e4c2782819140461f6c47f2babphv,1,2,1,0,1,2,2,2,2
beeb48f1e40e6b20a998c34907ec81ddl0f7n,5,5,1,0,5,5,5,1,1
8bc2a424939c50eaf4a652e253421b0f9b0y9,7,8,1,0,7,8,8,1,1
544c41e10ed9890712580b5a695cd9faep3bd,1,1,1,0,1,1,1,1,1
6ef33633feca956e287a081cec6953ad0djvi,6,13,1,0,6,10,10,1,1
25558d24bca82beef0f9db4ba1fe2045ynnvq,2,2,1,0,2,2,2,1,1
d65c538ae39fc1a7e0677583bba5fdc6ax1et,5,8,1,0,4,8,8,2,2
979a1ec31e1f7e4d92250552eb4749fdpy4mw,50,226,1,20,50,149,173,2,3
3e1621cc01a096f8735f6f407bc19ebemh9q7,6,7,1,0,6,6,6,1,1
5d14d39e385298747b0070584d44ce4a41hqn,4,4,1,0,4,4,4,1,1
773c7355243012c9933d181cc9dcac413eqck,1,1,1,0,1,1,1,1,1
3b947f8c954acf4354d2c3bdcd494fb0x54ee,1,1,1,0,1,1,1,1,1
4ce7a1dab283f07a5c022a91c4727384d5g5z,4,4,1,0,4,4,4,1,1
04f53d51a9cac9391b1d35c109294c48apax1,3,4,1,0,3,4,4,1,1
2d5b6614b1da998747856aeb82066ea2mm0mc,1,1,1,0,1,1,1,1,1
0caaf646e1181082f4f8a1bd7b21238dz7ptm,9,21,1,0,9,18,19,2,2
4df15461e6ced548045eea504ea4e105eajt0,1,2,1,0,1,2,2,2,2
720e83e0413cc79dc2d1f97fe818aa27xsfbl,7,8,1,0,7,8,8,1,1
9b33eabf7addcb85f3e504f3aebd9bf3qp9f9,1,1,1,0,1,1,1,1,1
1dead8a9cc54fdcf7a7c16dc6e06a3bbusgcu,2,2,1,0,2,2,2,1,1
6471b4e4aad126e77347c19e67c6dd943jwml,2,2,1,0,2,2,2,1,1
571581b5286129930675aa0973bef1cc3iq9w,2,2,1,0,2,2,2,1,1
435f3414afda395f6220fc2da77d0cde4ma0p,5,32,1,0,5,14,28,2,5
f8e3d1df88d8cf283a58d0a2329b79a9ilvmp,7,7,1,0,7,7,7,1,1
788b7bc778946d43cf2c7372e1038306z6m8k,2,2,2,0,1,2,2,2,2
c5d3417082e10d448bbdb1e9ebb6d6d2sng1z,16,26,1,2,16,25,26,1,1
fbab21e32ee211e1e79b6a407f00dd83hxk5v,4,5,1,0,4,4,4,1,1
2562baf221cf1d453ded3d9818aa173bo9l0y,1,1,1,0,1,1,1,1,1
4ccc7433445a7221a6223fee6ef6f0326jfg6,14,15,1,0,14,15,15,1,1
71fe3459e69a56140a663eb0a1ff01504etm5,14,72,1,0,9,41,44,4,4
162886daa0054ff1ad422e0f18cddff3qofft,2,2,1,0,2,2,2,1,1
231c8eaefe823e2abf53cc2f5609bccdydf1n,3,3,1,0,3,3,3,1,1
58966842ab3b0796d7d5bb7b60b6714clj2qk,21,26,1,0,21,24,26,1,1
419c7f56b6f84f239dc99fa530b9016fyvlev,20,27,1,2,20,26,27,1,1
7d03ab7cbab097e8d93027a2834b13814m4dz,1,1,1,0,1,1,1,1,1
a9c0cd61e6b52a5b4bfb88e5ccb40af36qzu2,1,1,1,0,1,1,1,1,1
b16ee3c92fc2cb5fade401bbdc4993faqg0vz,1,1,1,0,1,1,1,1,1
718ff16526adba2166756a1ddb5abf7aisq5l,1,1,1,0,1,1,1,1,1
613c7d60152ebf06e3a7dd326ba03261mnn8u,2,2,1,0,2,2,2,1,1
d311a232702ac64b4e7840440d3d488cb1qod,11,16,1,0,11,13,13,1,1
49751ca502ec6b3a75de1ed1f96cfd50upx4i,17,89,2,0,8,59,80,7,10
ec0ad76cfa83c00df0c9c87c4f1a640cnpwzj,5,9,1,0,5,9,9,1,1
50a4bfbac8a9653af4099ec1169f684c2nsgu,24,78,1,2,23,64,69,2,3
4fa8f06a42776caad515ab85464aa76fa400y,3,6,1,0,3,6,6,2,2
b8fc67ed5825409a40adca46ee7f053auho77,2,2,1,0,2,2,2,1,1
822d8e2a5abe8fe2681897da17630ca9r9dh5,6,7,1,0,6,6,6,1,1
f416aeaaafcbb66aabb77347776db008qw96o,103,427,1,68,95,285,382,3,4
190a6f18d887d852a15f39b2c86f01efxfva5,6,7,1,0,6,6,7,1,1
59f61cb410ac321a795c4d5a388e787aqsytg,9,9,1,0,9,9,9,1,1
cdf76f38b6f46a3bd396a99123d26909xq5c3,19,22,1,0,14,20,21,1,1
bc225e77f0daa26916e4921f21915ee1e6kqt,2,2,1,0,2,2,2,1,1
5dd678e9d9b45ef66132b38307bae3e9uhkex,1,1,1,0,1,1,1,1,1
c0980bb52468bd4645ee4ec055cff0eb3d1dd,14,59,1,4,14,32,58,2,4
72ec5474011a77df0a3ba9607429f0284f1im,2,2,2,0,1,2,2,2,2
afc65a97769ad735c0177058848c085ckqgvd,64,379,1,48,64,185,365,2,5
d5afbf98ff2bedd11248805f267876d5l5f08,5,9,1,0,5,8,9,1,1
31c469698f66a5d79f5984ab04429837z5ype,6,6,1,0,6,6,6,1,1
827da66b68b225547050c11df16f845618ptk,1,1,1,0,1,1,1,1,1
203380705fa32adfd15435058c7372d5z7j6n,43,69,1,4,28,58,60,2,2
36848805243fc60eab6a2c9eea902deef1rsx,1,1,1,0,1,1,1,1,1
fe19896bccbc9bccb419cbe5f69dd7a9wu90p,4,4,1,0,4,4,4,1,1
4cf9c56df4594860df56285e9293a7f7evfix,5,7,1,0,5,5,6,1,1
e24542c1bd46a4a0f98b0fa95d8fc40brecdx,17,28,1,0,17,20,28,1,1
653373f7b056eb10ac9fb22967fc2725pqx48,4,13,1,0,4,11,12,2,3
70daecd44c89c37525aa2ca294378ead4dggh,7,12,1,0,6,11,12,1,2
19815d9bcdc74c3ddfb9ff210c1739f3tup3i,1,1,1,0,1,1,1,1,1
1a7b71b9d868f539f0a6f909826e5b9cuu1lj,3,6,1,0,3,5,4,1,1
a64afbb3c053e8cccc58ce09a2e71a5205u6z,28,42,1,0,28,38,41,1,1
867ae2212dcf4815255cfc5772d1a4e1vcfpa,14,17,1,0,11,12,14,1,1
219c6102f604c8ff0ead5d23375bb127del0d,3,5,1,0,2,5,5,2,2
f9753e9fd6e25e0a1ae176ab95c31146iaqnv,1,1,1,0,1,1,1,1,1
8aedbe26c4d4e22613bc3f8d7560be29mkzo5,1,1,1,0,1,1,1,1,1
3de7d3030fecf543874081f7ab0a248evqper,7,8,1,0,5,7,7,1,1
0f8cb1baa83fefac10f885f79149bf13kn4nw,9,9,1,0,9,9,9,1,1
9c223f867c65938ce8623fc41bec08485xddt,1,1,1,0,1,1,1,1,1
54e279a4e162af7fc55d640aa62d0cbc9hxil,41,98,1,6,41,78,77,1,1
4e6deae48216b103b1366bdd62978790vfzik,1,1,1,0,1,1,1,1,1
e7bd8c579adda24d5cbab02d84999f3btlvm6,47,88,1,0,37,80,83,2,2
bd91b27cb190e8fc08ce3ae1751ae076l6cna,3,3,1,0,3,3,3,1,1
c1e8091db6fd2c7977b15830e0efc4012zjt0,10,13,1,0,10,12,12,1,1
d3fff1a03d05eed2783a48131649c9e6qgrg5,1,1,1,0,1,1,1,1,1
69ed5a8e5ca0a72a11980c25054e8b0ap5dxr,10,11,1,0,10,11,11,1,1
a4ad505752c36ef4b73902dc00e7feb1e5ng7,1,1,1,0,1,1,1,1,1
3f38a7b6254fa57d4af0167c4ad20c37i4ktw,4,5,1,0,4,4,4,1,1
babff37314add9b6d292c9576dfa462512gsa,2,2,1,0,2,2,2,1,1
619b3cafc7e5a0a30f608af70b0354c0h3kvd,1,1,1,0,1,1,1,1,1
9d387cc9f44e208b4a46bfa59d701aec5p50f,2,2,1,0,2,2,2,1,1
7d564c0b64f65e649b3c58089c261ebcuag95,3,7,1,0,3,6,6,2,2
e0413f338c43c9d55ba53612d2068f65t4gs6,12,13,1,0,11,13,13,1,1
42c407eb70ddacdcd59d63f22caaafc4fa0p2,1,1,1,0,1,1,1,1,1
a4159bd8aa351a5e46250063bf9d22e2atrr4,3,3,1,0,3,3,3,1,1
7af3b6cb4bd2140fb2652d1e2318a88azqj04,2,2,2,0,1,2,2,2,2
11a38554244f3c14de043aaf52345c35jjqvo,1,1,1,0,1,1,1,1,1
28a0d5539562290a1a2f63d5b7230db090ys3,4,5,1,0,4,4,5,1,1
db85fb5556f17b744938cdcc2e7ce9b5urspd,2,3,1,0,2,2,3,1,1
e7a98dc8545eb429007cb48799a40a2dc9p6o,7,56,1,0,6,39,53,6,8
6951db6168b80060a103ab65d0e074484c1vc,12,22,1,2,12,20,22,1,1
660ef3bb857ac076c7487cf06aed7e16x8v7g,1,2,1,0,1,2,2,2,2
8b43632b2ac250c4dad3568efa29d22ai6egs,20,74,1,2,20,55,64,2,3
7d8d3493942dc13742444f28626c5839axjqd,21,50,1,2,21,40,47,1,2
1e342381f2c64318a51a9b71d91897f8dv9ul,8,14,1,0,8,14,14,1,1
6091a98b1b777858f76ed61da3b0bbe0jqwz6,1,2,1,0,1,2,2,2,2
8eb7051f291a31dd19950b100722419b633td,82,159,1,8,68,124,133,1,1
8de1270cdae69fc973118c0211b14f59drhf5,38,228,1,22,38,130,192,3,5
c96cad2d439f2d0fb92eba9518964059p2s9z,1,3,1,0,1,3,3,3,3
1e9ddffd9195492b1e25454b0286a1cf0f1r3,1,1,1,0,1,1,1,1,1
31a830eb1e9a515959899a9ed5e360cb9zlxv,2,2,1,0,2,2,2,1,1
6362c8d61774cfcb6ada7cea1be63678hxkfz,10,14,1,0,10,13,13,1,1
d4fff6754330a9c72c75ef359dd802e1xkg2r,13,13,1,0,11,13,13,1,1
8783939eb63e5eb4e5cd412d8480f3955ipxu,9,11,1,0,9,11,11,1,1
b071545f5ad73150880c42e780d951bdzvxn7,16,43,1,2,16,33,39,2,2
c2cf611bcc93ec073a97b5a381e7c861prjw2,4,31,1,0,4,15,29,3,7
de6958a61ea1eff953cf7920213437769l52k,2,2,1,0,2,2,2,1,1
19353c42feb91a216885fe012efdfb11s2iu8,1,1,1,0,1,1,1,1,1
960f9fd497a45943022d714c539de0fb80hh2,2,6,1,0,2,6,6,3,3
1877fef789d56693b456437c560b0170pfob3,10,11,1,0,10,11,11,1,1
019cf2d366df756c092c91e26f406acdozha7,4,4,1,0,4,4,4,1,1
4de2f22ca840fce9ac653e4aa06d9b0cnhudf,2,2,1,0,2,2,2,1,1
57c4421263d37c2cd2573cd7245a7a80h0mjf,7,7,1,0,7,7,7,1,1
a4a6e45eb422f1848eef1ff2571df304heus7,2,2,1,0,2,2,2,1,1
3ed1bd875be767fbbc440b7d7092efcddubhz,13,14,1,0,10,14,14,1,1
6f489334d3a0dc06e89364c95c06b2aa6kgkm,14,23,1,0,14,18,20,1,1
8e58e432c844566b011420afc5b6d3d342hjc,1,1,1,0,1,1,1,1,1
3a65496908ed6e9ef3e538091b7f9a12tywvp,3,3,1,0,3,3,3,1,1
4c8bfbbfad924c7eb74e07bfe025823fqj39e,38,81,1,2,38,71,75,1,1
8a958e0092f6ca984107ea6c3975f806c59m2,1,1,1,0,1,1,1,1,1
67b5c388be7974529aed5bb04329bf0e3o2ie,6,9,1,0,6,8,9,1,1
1e97f2e65712c95b244150a04dc1bb7eqwbx7,1,1,1,0,1,1,1,1,1
540defadac5bb152f178f3120ab4b75a3gsx8,2,2,1,0,2,2,2,1,1
bce5eaebd5c81b9e77894f2016747879y7wb3,18,22,1,0,17,20,21,1,1
5ddf9ae899e629acf3e78141a9712a05a4feq,8,9,1,0,8,9,9,1,1
b5d7d7d7c76390c9672f3fc5dd72dce58e0nl,2,4,1,0,2,4,4,2,2
b687d9dedf1e202034b739ddbb87bbf8rovcr,3,5,1,0,3,3,5,1,1
2e33b1ee8a9d4a5cc5f886ca455e8f86kxu5r,6,6,1,0,5,6,6,1,1
d27221cf2bfaf0fa7a60ffd3e1e3a53efagvp,22,56,1,2,22,48,52,2,2
407eff907f3247c3ba332d888b475f46fz1jg,3,4,1,0,3,4,4,1,1
ab7ca72b2babe5c89184cce26625a48dvlebr,43,130,1,6,42,95,122,2,2
a22fdc066a738070c6e4860924d06657hengu,15,67,1,0,14,47,63,3,4
17ea3a2588ebbfac4e4180ced228b792nc92a,10,12,1,2,8,12,12,1,1
1def3e23e479c9739abce6b3518013d39oejk,4,5,1,0,4,5,5,1,1
f0567f6d45c0f83b9874681fe8dfe0ba6hjlf,29,48,1,4,25,39,40,1,1
48cb2cffc0d9004d1584cc02d3dbb1c3hii0r,1,3,1,0,1,1,1,1,1
75e3b1e2c90f910a90fb82e84ec69011zkd0d,1,2,1,0,1,1,1,1,1
58ed41ec3aefd2ec81cb85aa030a896e3wk5i,12,22,1,0,12,17,18,1,1
c2e1242ad5ea781923a08987d55365c69fii7,147,509,1,72,133,347,397,2,2
06586694c6bba2ccaa8e13354701bb30em5ro,13,35,1,0,13,29,33,2,2
d3a110449d4d546c610e821fdbb0cd39httjl,29,78,1,2,29,69,71,2,2
96fba786fe044b1267634e34ebedf1deqb86b,1,1,1,0,1,1,1,1,1
f071693216659f048d90155a3bcf37a1pcvzf,39,47,1,0,33,46,47,1,1
c7a12a5cf3dff851fa720a2a792218a4368m7,2,2,1,0,2,2,2,1,1
959a9c5ad5d5bb34e444bc0e332ea802m2bxg,1,1,1,0,1,1,1,1,1
f211ff014ed43c9054916f97d6187108mpxr6,68,236,1,22,65,148,173,2,2
ba0ca6f98ed66bdd1c4e86db2ce4011fdk6ii,25,31,1,2,20,27,27,1,1
4555a051aabe843b04c7edb366947f25sr4mq,2,2,1,0,2,2,2,1,1
6b09f3376045ebad1504abe3b05c9c943aezq,200,1112,1,418,167,529,807,3,4
807ab76c681425e36b0de902a8a660d3qtqxz,36,89,1,8,33,71,80,2,2
f8e215d416736fdb1de26d34ad315c368o24w,1,1,1,0,1,1,1,1,1
368e2d8ff07604989852d08506123026zljbs,12,16,1,0,12,15,15,1,1
6f1979cf79152ff59525876a2005d23cxwhb8,2,2,1,0,2,2,2,1,1
7a7fb3713fb8382abb9f0314e351ffb1z0nd0,1,1,1,0,1,1,1,1,1
304d579f950e6a0c4f8f4bd9e712cb7emv1is,16,27,1,0,16,22,26,1,1
282e78559392bb472d8fe3d2fe2239c3dd75c,1,1,1,0,1,1,1,1,1
5eab1c3f0fe7699f4acf57b53a25c05amet04,8,9,1,0,8,8,8,1,1
791ba4c696c42b999a7bc34d9d65b9f6rgeag,2,3,1,0,2,2,2,1,1
f4189a40cc622eaef015a19d75d9fe21mylhz,1,1,1,0,1,1,1,1,1
6c4f92086930144fc55a79dc0a4a6f339zt0p,10,12,1,0,10,11,11,1,1
81328ee531ef388926c7b8e5acab22d3fldlx,1,1,1,0,1,1,1,1,1
48009cedaefc4892ff8e26a4bf1184df1vfzi,2,2,1,0,2,2,2,1,1
ef6dc8a9f21e136c97d50923dfb8f76160wz1,1,1,1,0,1,1,1,1,1
3ded667003605eb856ed1aa2b82c1732gtma1,1,1,1,0,1,1,1,1,1
c4dc36422671b2b5ab89f7e846b0fdd25fxxm,1,1,1,0,1,1,1,1,1
ed6816aa2a404d25d1a8c79dddc3b503hyqfl,1,1,1,0,1,1,1,1,1
d9aff0db3469d923673ca3a9218189b6tglbc,1,1,1,0,1,1,1,1,1
fc30287d0b481b6d34e39c7ef23246128wkf2,5,5,1,0,5,5,5,1,1
f473c995ca7b5287f9b2f079f0d78a1e92226,5,6,1,0,4,6,6,1,1
c749a25f3a07304b959065d83bbfc5f75u1my,3,3,1,0,3,3,3,1,1
b6a7b5bba132a90e7c7cb350d2bfa52d7sion,5,5,1,0,5,5,5,1,1
71d8edafbd2f3a753c40a7bd12284b08s5noq,4,4,1,0,4,4,4,1,1
2df63fb4f6bbcd48b4033505e635799amktpu,3,5,1,0,3,5,5,1,1
f8e725fe230f0f08cf6a9faf5312be5c3q08x,1,1,1,0,1,1,1,1,1
1dce9aaf9d6b9cba38f9c7489764fe30nlrq2,1,1,1,0,1,1,1,1,1
85bcab9ba70550ff60a4c6f81fe8f1cd1xm15,7,7,1,0,7,7,7,1,1
4c2699de8bc9516b09c5e5c8bae6d6c6xiry9,2,2,2,0,1,2,2,2,2
94eb416c9a4ae222f3c6e3f66acccd2clgmhb,1,4,1,0,1,4,4,4,4
9800646c6ff387ab5cc01d95e12ffd6cn27ep,11,15,1,0,11,13,13,1,1
cffb5f3c1f4ca815d0f643fcb2f2f316beod4,359,1047,1,408,353,787,932,2,2
501661a6b1c3ad1134bf22aa36755488rqj9v,5,10,1,0,4,9,9,2,2
f2ea6d89dd9897f0d6edb6f24c446f01ra6yk,5,7,1,0,5,6,7,1,1
747163ca72e80dd830132474bd3492e7tmay6,7,22,1,0,7,15,20,2,2
8e46e0478d1fda88696becb31ff7978am9gxx,102,262,1,18,62,214,261,3,4
eace269cb09d29a718972a91e2d4cdefx49cq,2,4,1,0,2,2,4,1,2
fb81da0790d821a22617d748d0226540ylrj6,30,47,1,0,25,42,44,1,1
0c3e5de44a27de84eff9f81ed777e8a7bxjyk,5,5,1,0,4,5,5,1,1
15ad4021a5480aa57cf9e69d75907e47wprdz,10,10,1,0,10,10,10,1,1
459283816b011d0addac9fc7354e3bb83si2z,2,2,1,0,2,2,2,1,1
5de70630d6f09675938f40464f7a9a8757lae,3,3,1,0,3,3,3,1,1
65827ce158a5d0b0e9197b170d1fa5b7kcccq,7,10,1,0,7,9,10,1,1
b7e8513c997d42f4c1c2ee5176c9009e9kg6k,5,5,1,0,5,5,5,1,1
097ac653dca3fe0ba83d24ebd1fd23b28ztxe,55,281,1,30,55,201,256,3,4
668d393e858e8126275433046bbd35c6tywop,177,815,1,280,100,493,663,4,6
35ed22ab92933d09df3c02742f87e53agy7y0,3,4,1,0,3,4,4,1,1
51970fbcb60e9810f21e8ea98a0c6307o1m4c,1,1,1,0,1,1,1,1,1
27e203bb90cc678004b4d7c8bca83c92bk5gy,1,1,1,0,1,1,1,1,1
9f280cd011f10593dc245dad1d93b11dy6rg5,1,1,1,0,1,1,1,1,1
03e884d3e7e3356608187d2345e4693fyt29x,1,1,1,0,1,1,1,1,1
d47110cdd3eeb1ec25659f4285730e0a28ofd,70,128,1,2,44,116,121,2,2
642a3fd60bb7dc4fae5b884f5bd78a7dxqfnb,3,3,1,0,3,3,3,1,1
4a8e718a160e1d8d605a043b9d3ac795mipln,1,1,1,0,1,1,1,1,1
9211adb9cc770c78a70b55441acd146bfxnz2,2,2,2,0,1,2,2,2,2
e1b7b8d401818cb741c852224155704dddfe7,37,105,1,8,37,79,90,2,2
458c8c4e10e5c1b29e3fbe5ee56d46e8y3fb3,7,13,1,0,5,10,12,2,2
ed5fc53d096bcf1b86c30128040e775334ut0,5,5,1,0,5,5,5,1,1
d4b9000117b51e0b147d8237e090240engjbz,3,4,1,0,3,4,3,1,1
e924e65cd736e29a8c71a34ae297581ari8pq,2,3,1,0,2,3,3,1,1
a8c59a3bbfbecd9fafe2c0da1c3e104d2drmn,1,1,1,0,1,1,1,1,1
438e53670ffa2990cdef656700bb49bf684fz,1,1,1,0,1,1,1,1,1
35756fba1c717687fd9b76c2f6c3c11eo4gll,6,9,1,0,6,9,9,1,1
64fd3c3593722f063c6e6e7e0d2182bbkqlia,1,1,1,0,1,1,1,1,1
b7267dea3563c8b8c9c9a166ba4a4070s4dsp,10,11,1,0,10,11,11,1,1
2b290b88cdf1d2a9745f27a546411f7edo7se,5,8,1,0,5,8,8,1,1
887594466c554767a3a281ee83d41d88skcnn,2,2,1,0,2,2,2,1,1
29337b9e8a92d9d5e6fd7ea23cb6df81blhyv,1,1,1,0,1,1,1,1,1
e768126da44a0fea093d0936f6bcfa8fw5ryw,1,1,1,0,1,1,1,1,1
0547dbd3ecb4a293913f138d60b586fdf4ane,3,5,1,0,3,3,5,1,1
2f9ea407ba48ae05f98fdf634995d936xefau,7,15,1,0,6,13,13,2,2
fa9942d2eea61483c7cf6fd70c73499aet5hj,34,42,1,0,27,38,39,1,1
a97593cabdfc92d0ea142d1c64f0cb70aa6cs,4,5,1,0,4,5,4,1,1
0cbd01c9e8cc800aabd3b3e4c618f9caktfgp,18,43,1,2,16,40,41,2,2
acbaa582da5d514299c0aeed516ce618goocn,1,1,1,0,1,1,1,1,1
7f6d1b6369786181188848e7903ba72ckc0xv,13,18,1,0,13,18,18,1,1
b7e16fd4fd9ff04b7d741b70730b7b6b1aw84,10,42,1,2,10,30,36,3,3
5c17786b4eec85224bc541584b83b33apwzsd,1,1,1,0,1,1,1,1,1
3e4ef9d30f566589b8e864aed25f6759oqorr,3,7,1,0,3,7,6,2,2
69090c41334861780232a664467fef9crl7lb,10,10,1,0,10,10,10,1,1
dcad7d245866d30519e591d084ba0ad246pt7,1,1,1,0,1,1,1,1,1
4a8033e0cd9575560c86920b99d67f427hgge,3,9,1,0,3,6,7,2,2
144ca33511e0256be1f8487e0365a53e7ajn8,2,2,1,0,2,2,2,1,1
0565d7d345ac29442b26cd9ffe2b3b841wwnb,3,5,1,0,2,4,5,2,2
8c2dc12395419cff62e7048703c0a82c8ntbi,26,37,1,0,24,29,29,1,1
08515611e73803dc6d8c562b8514dfb5qi3z9,6,10,1,0,6,9,10,1,1
d9f2b54188bad58512e764216fe8a6ebxv0gc,2,3,1,0,2,2,3,1,1
54fd91deb14e95c097c9b96092a6708azdeyi,72,126,1,6,60,105,110,1,1
2ad129376e0e4e7a5d584e5b089d442dk6f93,3,4,1,0,3,3,3,1,1
843a2039ce072a0a23c9bd647298e9800vjo4,5,5,1,0,5,5,5,1,1
a96039c7cfb1d040ca978ec5e66ee2c0sb5ht,1,1,1,0,1,1,1,1,1
dcd54d7afa6820e3f00e1c9e83aecc7b4f3lw,1,2,1,0,1,1,1,1,1
75339aea3f29d7d9a8d67ed3fe1c89c3owsq5,41,113,1,4,34,80,95,2,2
1817fe8e4fa4dd98eed3ff58cc058548dlau3,32,66,1,8,28,55,58,1,2
c3d567f4af0d49fa9ddbdeea3bb0445f0ablr,12,13,1,0,9,13,13,1,1
fe0d6ef2dc88e66852b9a16be75c04f678l39,1,1,1,0,1,1,1,1,1
7e34a26c4c339e875997f4b9239d2b5fscng4,71,280,1,28,71,188,244,2,3
6a82d77191514b893a6a92a3902554e5hd1og,1,1,1,0,1,1,1,1,1
b46132a554a2a3b93efc5a9352036e6crl6sk,7,15,1,0,7,9,10,1,1
2019347aaf76bde2c16af4889269ececrj5vd,3,5,1,0,3,3,3,1,1
83e8aa6cb15daa745c75ba3c29a2f646zjw33,12,16,1,0,12,15,16,1,1
c72012c8072e2441b3ba8173205cd298cde8a,5,13,1,0,5,7,10,1,2
655b88e646b94d0adb9e15e9f3b9c9a4lvcrz,8,12,2,0,3,11,12,3,4
a893b9bce98286586379bfff792a89299jwsk,1,1,1,0,1,1,1,1,1
1f48bca2af85574dfde2f9624ebbb1d9uelin,11,38,1,0,11,23,38,2,3
eae01dd857a394771735903ac7cc97385rzx3,7,8,1,0,7,7,7,1,1
f316af4ff85d7d927960ec04446e4e59lcled,30,80,1,0,19,58,73,3,3
99bcfc00be736e03facf0afeb79ac533cs7tp,7,9,1,0,7,9,9,1,1
7d0f7d3602118db86f8b79910ebb239bh16yb,21,61,2,0,10,48,54,4,5
305512ba8bf9541c78c349db0fa28036z3g63,2,2,1,0,2,2,2,1,1
1c8412c0f20c8308e7f9d6fe9d748d23g5hjf,9,9,1,0,9,9,9,1,1
3714da7069a5205137cacf89ab3a136ffx2u2,25,36,1,2,19,31,31,1,1
04bffaa5e353b8a37a66767e3d9b531din3rc,29,45,1,0,29,38,40,1,1
6dda4416128acf038e87fc81b600b96drgty0,14,25,1,0,12,24,25,2,2
b937f4babe46e4b3708ac7e84948635erw121,2,2,1,0,2,2,2,1,1
efdd32e0274e4be372a4ef08f16e473605bph,1,1,1,0,1,1,1,1,1
35925d2293127747bb0beee4dbe87ff7om9b5,33,77,1,2,33,71,72,2,2
a0aeb6de8a21a5b776f63530ed753fdb34k7y,16,25,1,0,16,21,21,1,1
8066d0a6ab30c52b3ddca5da19518b6188t23,1,1,1,0,1,1,1,1,1
3835e3bbf9a17a33867860a9ba19621dp4wdc,1,1,1,0,1,1,1,1,1
8e1209454c732363b822548a83ee5d74f5wj8,20,48,1,2,17,37,42,2,2
ccdc04052c3732f501f8bd890cc27685qza8l,23,34,1,0,23,32,33,1,1
8ec8add138ed551bd5a9175eae0cb972ie0pk,3,3,1,0,3,3,3,1,1
2b72d702b44fd7dd58062e326fd8e4779j8mp,2,2,1,0,2,2,2,1,1
b4abc9d73fec881e09bd65a74c5be91edcs24,2,2,1,0,2,2,2,1,1
175a06fdcf622c9455d0a77990b9302dj23ke,20,36,1,0,20,32,32,1,1
bd714069005f024dfb114bc68318f741lm7w0,2,3,1,0,2,2,2,1,1
98783b6bd490f32f56c315307643c824nimw1,1,1,1,0,1,1,1,1,1
7c0ab2117fe57b763e28401c4330cfceqd7gq,2,5,1,0,2,5,5,2,2
86e888c2dafacf13580a1211abf50961w6foa,42,137,1,6,42,92,109,2,2
77f0bd275f68e66fd99b3f62669933edbzw86,19,396,1,38,17,152,213,8,12
10c1e1164e3f8298df9a35c891f67babiycsr,1,1,1,0,1,1,1,1,1
78e211d99d5bc69c1ffc537948ebb864a8wq7,8,9,1,0,7,9,9,1,1
83099c1ef44d743958c6051f074c10e2kknod,1,1,1,0,1,1,1,1,1
800a591995d2bd73a5359307dbaf05aenyi78,2,3,1,0,2,2,3,1,1
bd6adbe79fcb843aeb97546947af1236kbg7p,13,17,1,0,13,15,15,1,1
ed1c364ed4f5ae776df38ec7b5cfd56d54syy,5,6,1,0,5,5,5,1,1
a05f95fc07f1f7d36cb6303ffd7a1279z2l0e,12,13,1,0,10,13,13,1,1
a57b2534760a477a3fd7a208ecf1420fibs82,2,2,1,0,2,2,2,1,1
7520ffa9bd327109fcab323ed830393700yu3,1,1,1,0,1,1,1,1,1
aa7e36069de119ee3ad7c4d8c925fa3ekrs4i,3,4,1,0,3,3,3,1,1
520f9b463c9e109671fd32e9a58c1811001hx,2,3,1,0,2,2,2,1,1
6429ef4aebc7d1f4027b31a6e900d165nqvyz,4,5,1,0,4,4,4,1,1
4116845a168e24d9158b6223945b0049y0p4p,8,11,1,0,8,11,11,1,1
65c2cd60b87b843c15d574ad27d5cb9bomg6o,1,1,1,0,1,1,1,1,1
b1863365ae232a316eb946ba56a29415m0gdz,14,20,1,0,14,17,19,1,1
84aa1bca5099f19a19169515f6073f1ace43p,1,1,1,0,1,1,1,1,1
671474b2db2e7d4322374b5c53341e49i278s,2,2,1,0,2,2,2,1,1
1ccc69e376c95da9bd569a5d1a176874ivojs,1,1,1,0,1,1,1,1,1
0ad17aa9111f657d71cd3005599afc24fd44y,81,223,1,10,78,191,219,2,2
455ada61d473da5a8b46dfec946d0c78k50oc,2,2,1,0,2,2,2,1,1
47c5cd21a74e45dd294cdd53041ec0a3dw3ge,32,53,1,2,28,41,42,1,1
cbc71ae3c3690c89485eda3f08b9bb51rqrxz,7,9,1,0,7,7,8,1,1
13e0a7806a68fa46f55c679ab9ee4514iulqf,4,4,1,0,4,4,4,1,1
5e9fae8fb44a50c285436949f7f00460wjvsb,9,75,1,0,9,45,32,5,3
05bd6eb40889047958e8b96332cc1975vib58,3,3,1,0,3,3,3,1,1
56656ac8f39c2854741601dee3cf5530bwe6t,1,1,1,0,1,1,1,1,1
bfba91e586b1c37429d1e40ffb5febfagbbxn,64,113,1,2,62,103,107,1,1
b722fb3e325c76ec623249be993fc7aeh98jg,2,2,1,0,2,2,2,1,1
c435ac9dcda855341e667d440c2ef7c6nd3mg,3,3,1,0,3,3,3,1,1
cab0d4e41ea81636de3bd3a1800d8da8x4yca,3,7,1,0,3,3,3,1,1
5b283347bd8aacf046a5ef4fc0d287edhgz6f,1,1,1,0,1,1,1,1,1
a220c64da8c58ff94d975f21b70aa1d16ise5,1,1,1,0,1,1,1,1,1
ab251b96dd709aa2c9d4e299ba37c9f38vjos,2,2,1,0,2,2,2,1,1
5944af7bbb3a5ecd57aed3916122c82cu4yny,15,36,1,0,13,30,35,2,2
769fc03ede3e9b773b294b1e9c96fb973qbmy,3,3,1,0,3,3,3,1,1
f8abf3f855d68736aa6bebb37e29e5219y62a,17,100,1,2,17,57,86,3,5
fd5cef3fe1217c6591500c715d71717anczcq,1,1,1,0,1,1,1,1,1
22e65b6bf73fab510ee814cbaeb9ebc1252mu,1,2,1,0,1,2,2,2,2
721e69fd30e33488bf82b7e2f9c8cee28a9ea,2,2,1,0,2,2,2,1,1
81bbf077c0ffe35d145f78a79e398eb335syh,2,2,1,0,2,2,2,1,1
b0164d9a18a3cdf6082e96f9708040690qcqf,1,1,1,0,1,1,1,1,1
5e9beac339e73e3feb340f9372b4aa07l69vw,23,53,1,0,23,41,47,1,2
b97595b60dd0fd0ae15f05e482283fe5pqcha,3,3,1,0,3,3,3,1,1
9b7ff1238a5ca561ab22ca7b6d7a56e0bsxml,35,103,1,0,25,76,96,3,3
67a6f2a4bac5edf36af9ce62e789f869uw5vy,1,1,1,0,1,1,1,1,1
8be5e1e172dedd0325306cc4886b68a8f0mlp,34,46,1,0,30,44,44,1,1
481db1a88023d22b3533044bff5239dbf3cda,2,2,1,0,2,2,2,1,1
67a1b129ca241c51d0abb5484f8eb3fct8o5c,1,1,1,0,1,1,1,1,1
354d4abc23881a40b8f119225e0dbd09tk1u3,1,1,1,0,1,1,1,1,1
01cda526658455000913950f20cf31a2q6nsf,2,3,1,0,2,2,3,1,1
bc6c5eefd539e199952520ed7933a81fd8tpd,52,342,1,36,52,188,222,3,4
3087f9223de9117d5ff3ddd93bf29d41j1rs6,1,1,1,0,1,1,1,1,1
49b337bd08443e511615df03f130e6f5kiwkk,17,37,1,0,13,27,30,2,2
01255c2c7c5578c186873422fc00fd7afwk8k,1,1,1,0,1,1,1,1,1
4c9d2325acd5f918949c990f3e604ee6dufzj,1,1,1,0,1,1,1,1,1
c8b23d6565e11d874e221f41440ffd25mrucd,3,3,1,0,3,3,3,1,1
bf4d006fe23663823cd255d9acdf45862s9me,4,7,1,0,4,5,5,1,1
9e5e58fb38a4bc2a1c21d367b7b8148f1eba2,1,1,1,0,1,1,1,1,1
68600b8922561fe26b8b6acf1d11efdfb24k7,2,4,1,0,2,3,4,1,2
3694aa599f836a57b671ee0814b071775i1nf,15,30,1,0,15,17,21,1,1
a2b4df001b0e40a398f6d4ae9b316c0eix5bh,3,3,1,0,3,3,3,1,1
fd9e1f18906a155e48705c14024dcdack369y,1,1,1,0,1,1,1,1,1
4955e2c318d0bdca797ce17794ba18fblhaau,21,162,1,2,21,85,147,4,7
b8f907c27d6505238a4a98bd5088ac30npcjn,1,1,1,0,1,1,1,1,1
65d8228c6c1e5b6042f397afed8a5c7cbo6x3,1,1,1,0,1,1,1,1,1
2098114d221f19846d0ff0de3c25afd5jv253,1,1,1,0,1,1,1,1,1
336f98d51f267347d9a751d1d7b97355nw7xc,6,6,1,0,6,6,6,1,1
d2704c8bb6ebbf13e08f37131382b126wy4yc,49,104,1,4,49,90,96,1,1
36e4d4a5982b1dfd1f26b66e4259dc5ccu6f9,1,1,1,0,1,1,1,1,1
a6bf74b19fcb2687ce345930c4c16d4e2txda,6,10,1,0,5,8,8,1,1
c7634a9302f293a2c7fc57e6aab55bc061pep,6,16,1,0,6,7,15,1,2
b7c95864c2c0f954fc4c937e41a743b9t18vx,1,1,1,0,1,1,1,1,1
906c51c7e1cb28e680642433ad3d2f5cpmy2d,21,25,1,0,21,24,24,1,1
669c6a0e8aabbf0647e8ee6e150c47b18a4pu,4,4,1,0,4,4,4,1,1
67fbdc4209a1566288acba904a2b5a7ee588g,64,99,1,4,56,91,93,1,1
6f01c129a72deecf0b14c28b045c6f45bugqo,2,4,1,0,2,3,3,1,1
330363bd79d5dcd084dcab99f121c1accl1sg,6,7,1,0,6,6,6,1,1
1af4685cda2979a608c4b6ad83473774qgicn,70,92,1,2,70,88,88,1,1
6083368cafe58e854a60c832ad058214aio2u,3,4,1,0,3,4,4,1,1
e3d0a636bf384a7ea8909f392891f37emm7zb,99,620,2,104,41,324,380,7,9
e56f611f1157381f4b689ab34b574e791qhcn,3,4,1,0,3,4,4,1,1
1bb7a8c04e70386f5496322158e9fc3ef6d84,1,1,1,0,1,1,1,1,1
d1b2d296eb2f0b0b9ba2e3dd805a95a0nwjlj,1,1,1,0,1,1,1,1,1
51d2e1b98b7a1e42b939637dc6e11381zu201,2,2,2,0,1,2,2,2,2
b4cf6dc2628edef5f383823ed2bc0996ok5qx,43,104,1,4,38,89,99,2,2
a798dd7e098a0a9c7732fec62361a3fd15qun,2,2,1,0,2,2,2,1,1
45927dd51fb4301c459ab96d48f64752q0o9e,1,1,1,0,1,1,1,1,1
1e79b9a0679ee7b6bc46ebe753c87f3a8nols,4,6,1,0,4,6,6,1,1
d3b7715f418341eca0b00778fb6e1ff35wees,1,8,1,0,1,1,1,1,1
474ae7c8bd509560e02fbaef8251546dwryh9,8,13,1,0,7,8,10,1,1
cd6e029b117d7a9bf6f80da82ff3e8312lksr,95,593,1,122,95,447,407,4,4
5a8d123ee3535ec632c021be06332940mzflk,1,1,1,0,1,1,1,1,1
e0a9e4ffe2acd28599dacb91c98c34bc66vo3,1,1,1,0,1,1,1,1,1
bd956a508e05203d9a5bd2442fd4078anwfgi,1,1,1,0,1,1,1,1,1
950caf6bff7f16426cce6d7f0cd47b44pkivn,3,3,1,0,3,3,3,1,1
90fe8d6fc0bbe4ff2ca7833fe51bddbaaibof,23,62,1,4,23,50,56,2,2
c456677587c2500db00899b69f6cea8ccatie,4,7,1,0,3,6,7,2,2
251def371a1e80f21c71d2d5cf6d429cogiv8,2,2,1,0,2,2,2,1,1
29d269a5deaf295684424a6f455a3ff6k3gzg,3,3,1,0,3,3,3,1,1
f5865e6c699a695b14148bc78f7262c8ag7wq,2,2,1,0,2,2,2,1,1
b79560ebfed7c8cbcfb97475812e0836twsnm,1,1,1,0,1,1,1,1,1
37921a9d842612b3b0281f7098d0002539xrj,2,2,1,0,2,2,2,1,1
b4495464d4503ccb8e696994059983c89g4lc,1,1,1,0,1,1,1,1,1
054b51d059fe981ca8cc4e0d4c49aabb5mck7,11,15,1,0,11,15,15,1,1
8f151251e160aa57b585e845523a076dc0zt3,7,13,1,0,7,12,12,1,1
3adf2fd4d71237bf37acfc2394c070edbrl91,1,1,1,0,1,1,1,1,1
6ef4d8b3afd24afebf97345d62f20f5esh1jt,1,1,1,0,1,1,1,1,1
a2b9f789ab47d55d86e61fcab55a15d74vqi1,3,7,1,0,3,3,7,1,2
f19531503f1485a3014189a80971c6fb0d9fu,4,4,1,0,4,4,4,1,1
ba194af5111cfcf1dd95eb36160c728ds4kcy,1,1,1,0,1,1,1,1,1
8a3bace54bc31e82f08d4963ad876f01c188m,11,12,1,0,6,12,12,2,2
68db26858c44b81b67ea75907665454fbi369,12,16,1,0,10,16,16,1,1
2ff45eee79b8eecaafedc0b7f675acd4fd0oa,1,1,1,0,1,1,1,1,1
32ba23ef91d1077f41bdee8def79b708wn873,37,100,1,0,37,82,95,2,2
8393c48eaf4b8fa96886edc7cf27b372dsibi,40,271,1,18,35,159,252,4,7
8b5d679f52876c01bc556efd6dc96897amo01,2,2,1,0,2,2,2,1,1
1ba9422d7a55aa5abc3ff37d1cafa9f2yds7i,18,28,1,0,17,27,28,1,1
ae8c2afa894b72e9f05e4ae7af27ef9bp21j8,53,129,1,2,30,84,120,2,4
5c5dbe70c2cb05d208c22d204146e1e9f3lvq,3,4,1,0,3,3,3,1,1
f41ddc29945996b112e2db3827acf97ebge37,1,1,1,0,1,1,1,1,1
1f6f184b7605156a034399e8b96e6db0eaeeh,2,2,1,0,2,2,2,1,1
320750d02fa96eafc57c64dfeb31e3a5a29eb,1,1,1,0,1,1,1,1,1
51d6b173586fd34c938477d87ad6b6b0092ke,2,3,1,0,2,3,3,1,1
3bc8edfa1995a99110b957ee98fb5c76nkl7t,10,15,1,0,10,14,15,1,1
7f86c3c417ae1db5bea10bf9d0a7827ct3ni4,12,27,1,0,11,22,25,2,2
e7a1d362a354bdebed8c9bbeb0da2d88h7shv,1,1,1,0,1,1,1,1,1
b304db127e7e8a4a90e4f2d4af7de0dbklty1,21,32,1,0,20,30,30,1,1
a679d00c30c269a8eca148458abb8665kciaf,1,1,1,0,1,1,1,1,1
a5dd5970e268d17fdf07eb8a89b6b420sm7ed,36,50,1,0,21,47,48,2,2
3a095ac0e0554c0a0ec40a82c6be27baug44q,1,1,1,0,1,1,1,1,1
223ba984ad966e74ca5aadb36ffff81f621q4,53,461,1,88,53,236,314,4,5
3d48fb12020c1a81a65fdba2d75caf0d6q2nc,4,7,1,0,4,5,5,1,1
5d918efa27122fa7319cbb5e3252d5d2e6jt2,1,1,1,0,1,1,1,1,1
8ac0a8dfbd2629dbc7a6f8c91e78e6bedr8hm,23,103,1,6,23,79,81,3,3
26508777dcd84df59b467a60d9f18ca1pvvbs,4,4,2,0,2,4,4,2,2
76ec8a030f6c964a1bc78c724524c495popl8,1,1,1,0,1,1,1,1,1
4a2d5b70f0fcec3ad9d8ac4b447efd6f3vs9c,13,18,1,0,13,16,16,1,1
e8b82b8640ecdd154eebe6b36ec63f0bdwhc4,3,3,1,0,3,3,3,1,1
72a1ab44578a84628baf50513df096e9tsuir,2,2,1,0,2,2,2,1,1
5f7613fcbb6662c05241f6d31c8f8de6v9xpc,38,73,1,4,26,67,68,2,2
267124cd8e13a2359c252318fcd8d847vx4kt,12,16,1,2,12,15,15,1,1
4f6801cd3a78c92cc771d3e1208bb3e7zm2cb,2,2,1,0,2,2,2,1,1
0a43de0ab0a7525fec59ef4bc1dda7a2z9z69,16,21,1,2,16,18,19,1,1
02518a364d87661eed1453e251933862yvmjj,10,11,1,0,8,10,10,1,1
24d0694fbff381cdd9f40301080301d8yngb7,7,7,1,0,7,7,7,1,1
ff58ffde976a4899dcd89597a7877e18lntgz,21,26,1,0,21,24,25,1,1
d6e5a63e6b809cd71d6a56c065e23d9e2qh3v,4,5,1,0,4,4,4,1,1
9dc8e5f3db1987c43f0b2f86b5b7e097ibmi9,2,3,1,0,2,2,3,1,1
2ecd5f4d781993717ddb122a0c9b3a5bomil2,2,2,1,0,2,2,2,1,1
a9d1978a3989dd6947ed87c636c1ad65f9rwg,1,1,1,0,1,1,1,1,1
96d19fea6299dfabe564c5a58bc716cbl3rvh,1,1,1,0,1,1,1,1,1
29544507566320f1125d8e9f9a0ab3f2jswhk,2,2,1,0,2,2,2,1,1
399c033b19576a771da5d146a9ab09dbz9up8,1,1,1,0,1,1,1,1,1
b6dfc349e92ff14971f522a543b7cb8fhnkbn,1,1,1,0,1,1,1,1,1
4650bd2a4b57badaa970e1bbc602da956fgt1,1,1,1,0,1,1,1,1,1
953e01bab9ac8786b4bfc77d183732bbqw6ng,2,2,1,0,2,2,2,1,1
2fb5873c75739490dc52b1cae42f7edclj53u,6,7,1,0,6,6,6,1,1
78b13e2071eed6f6a1e5965807935828jly8p,13,20,1,0,13,18,18,1,1
a51eb0674d176d1601c239e290d8db9aygqcy,33,70,1,2,22,56,67,2,3
806cfdbc8b39a41f483b726cb04290b5upg0l,1,12,1,0,1,9,12,9,12
b7d55a6e333279ab388147c289a71fc9b50o9,4,5,1,0,4,5,5,1,1
ebf1ed7bda6d46481b69401fc4555450xrs1j,25,38,1,0,25,36,38,1,1
98aa60b5e0e217cf79f7ea207b42016ai7ar4,8,14,1,0,7,13,14,1,2
a25f4c6838b83e0fcba372300c23c2537k5eq,2,2,1,0,2,2,2,1,1
ae0431720797a2158520b8b22d0edcd028uwd,1,1,1,0,1,1,1,1,1
67336e0b5f4cf7b1bed98e8356294313h6921,2,2,1,0,2,2,2,1,1
c6108e22518279361de99b3c7c298235mkoa9,1,1,1,0,1,1,1,1,1
557a115a80bbc39438b66869fb08e2dbn0n83,2,2,1,0,2,2,2,1,1
d600dc03b11e7d782e1e4dae091b084a1h5ch,19,30,1,0,18,27,30,1,1
e2bda091a91082b774d59f2c5b8480ebbijs5,1,1,1,0,1,1,1,1,1
672385eefdd4da92dc296678034074850rkrq,1,1,1,0,1,1,1,1,1
6d10b04b5480a655fed72b9a812f5b4bpqvhd,29,48,1,10,29,43,46,1,1
3ed997fc5d1db2931abfa00f1eac5aebtkuds,1,1,1,0,1,1,1,1,1
9dddb2f6c99dad940da2227d700c9e5btcmkw,12,12,1,0,12,12,12,1,1
2366cd7cf3df530ef4fe40b36ffb936fyn3rh,2,2,1,0,2,2,2,1,1
862eef3a75e1351593b54975cd8ae1b3swcxw,34,51,1,0,30,47,48,1,1
a2bb8b3e3ae4566203eb5b3021b4d594pohf7,1,1,1,0,1,1,1,1,1
1e86c6cc397595a959567d9c0440048f3ks7t,1,1,1,0,1,1,1,1,1
21b77928f2f9d9299ef9343b32c21dc59s1j9,1,2,1,0,1,1,1,1,1
6f780c68d5783c7e5d3469a32a23538b4ndxo,1,5,1,0,1,1,1,1,1
81c9c749b2c9f97215f3ddaf8b5a5fe1k757u,1,3,1,0,1,1,1,1,1
43553dd8b9370fbba5efa6b652d9b43ezsj11,1,1,1,0,1,1,1,1,1
7b7d703a6ff871d4a379bf182a6932c0xoqga,1,2,1,0,1,1,1,1,1
80e753fbea14f966b1fc6d1e194d4e66822ms,6,14,1,0,6,8,9,1,1
9a51d309c8824bae38bd75eddce1a99fe208r,4,4,2,0,2,4,4,2,2
cbe8d224a38ccff930674361b502e7beyuf1k,1,1,1,0,1,1,1,1,1
361397432ed35185b5a2789867a859ec42v14,1,1,1,0,1,1,1,1,1
85ec5dda7bc961f847f53fc851679129yqebn,1,1,1,0,1,1,1,1,1
8d18dc25428a6e80b266835d78930e43e56q1,1,1,1,0,1,1,1,1,1
85d1969db6b8378747b1c3c9db15e902ynmv0,3,4,1,0,3,3,3,1,1
b9e293b96ba0c9827f725e8dee61e2bfp75v8,1,2,1,0,1,2,2,2,2
4d1542974bc322859d3d099b8c5193felot1k,2,3,1,0,2,3,3,1,1
65608ba17350088b0e9c1cffc9a6bf41iv23e,1,1,1,0,1,1,1,1,1
a027780df5d0312919d41edfd4947f27odx7t,10,19,1,0,8,16,18,2,2
9a14697a537697a028ee67599fda03053txvm,5,5,1,0,5,5,5,1,1
cec35b2f8f74fc44fdf9f70dce1809dfqr29b,3,3,1,0,3,3,3,1,1
a328568882285e03bc0f9e2ffc797c63c5m0n,1,1,1,0,1,1,1,1,1
47af7d7f611b9e407fb013e884bfcafe4gvnx,85,305,1,24,63,216,270,3,4
430157deb6489c9694099baaae276ac3nz3jg,4,4,1,0,4,4,4,1,1
67232116a1e0c27b7bb6d308c2a8eb05etmnh,29,56,1,2,29,50,54,1,1
51b2d173034d54f115b647ac7c1640a5l1q91,1,2,1,0,1,2,2,2,2
04c6b750b0552089c87ae03de72289cfcpfmh,1,1,1,0,1,1,1,1,1
9deb68aca34b4d8d0a5ea874176240ffw32tk,3,6,1,0,3,6,6,2,2
0f6eaa04a03458ca23ccd0c714f2ccec5uefp,2,2,1,0,2,2,2,1,1
8062a60a2e060a311dac34845ead2ccfbh9tt,1,1,1,0,1,1,1,1,1
9f52fd88ba073512be19e3d24d4bb6f91l531,3,3,1,0,3,3,3,1,1
55abcd1b00c6b5b54633fc7e98f0110bwoy3v,18,19,1,0,14,18,19,1,1
ea57e35acda9a8f8b75f4d9bc049f74d7qx3t,3,4,1,0,3,4,4,1,1
59511585dfd45b73e7899d1f1908eaa2d26dl,24,36,1,0,24,35,36,1,1
3162528045a1eb46469af80695f3068cby4g2,1,2,1,0,1,2,2,2,2
7c1d03f90b76bf863536f4a1f65bba676xwib,4,4,1,0,4,4,4,1,1
7d3c649e6dfcc7773703b5ce789c1202wehdy,3,3,1,0,3,3,3,1,1
0565a780f2c5b46837bbe9739ef15ea92fdu0,23,27,1,0,23,27,27,1,1
51cf4dc8898554aedd8572f97a95ef5cpi3ct,2,2,1,0,2,2,2,1,1
1ba5b20f16d914e3d76652d5c9cdcbf5iazkd,31,97,1,4,31,71,71,2,2
0b37699cfd1395db5454973168a5340bmp9ko,1,1,1,0,1,1,1,1,1
367edc726ba8e667973844395493559dtf2o3,10,10,1,0,9,10,10,1,1
ca0331fc37db2b251a012376f7b987fcma2jw,10,13,1,0,10,12,12,1,1
72dbc4a9f579a9444c126a0a67118783092ec,1,1,1,0,1,1,1,1,1
e613acb1029ecafd9792c9f75d468e4bmm9zn,2,2,1,0,2,2,2,1,1
01067975436d123f717ee5aba0dd4bbfa0937,3,3,3,0,1,3,3,3,3
f3ad2931359bca59c36ce55ba82f9af8enbi8,2,2,1,0,2,2,2,1,1
74f0d79bddf23e5f6dcb1e1dddfa6d45kj5io,6,6,1,0,6,6,6,1,1
e735a2301a18772a8276aa1f17ef79efu4yew,1,1,1,0,1,1,1,1,1
ddafae4d559e5c6ca84eee0fc0db3792dw794,11,30,1,0,11,23,25,2,2
46ceb58fb7a57d86a26cfa154c940a8cuktu7,19,46,1,2,19,35,43,1,2
77689a020918163170b6443a409bee92wi69o,3,3,1,0,3,3,3,1,1
36cd90004a920df9ca0aad08dfe94bb0fefje,2,2,1,0,2,2,2,1,1
36c2c3b69034238b2cc07752efd00894i5zxh,9,11,1,0,7,11,11,1,1
b9f0d2da9b9738e70b6272c7f9c5c66cruhnw,1,1,1,0,1,1,1,1,1
02a28b9de21bcb744bc2a7dedc008f91pbcpc,4,4,1,0,4,4,4,1,1
6302bd7b9dfb161887691779acc736cezn9lc,1,1,1,0,1,1,1,1,1
7dedec3b5e0946abd7fa36910421c8cfpz3n3,1,1,1,0,1,1,1,1,1
af9c96944265cf541b3fe734a057821a825l7,15,24,1,0,13,17,24,1,1
ffa7b0b0f144b1594131d99e50c17a0bwbym3,6,7,1,0,6,7,7,1,1
89c5162009778d3ba2991f5abb4e4be1d8igf,1,1,1,0,1,1,1,1,1
2211f5fcbf3ae6cf34c5fea1eaaea95bc8a4h,18,21,1,0,18,20,21,1,1
b1c10aeffab81b410b3c40dbcaeb6172vsfdb,14,61,1,0,14,28,33,2,2
ba7234e170a64fd24634d4318de850804q80p,4,5,1,0,4,4,4,1,1
b42ef139c2dfbff8356e8886d2b109e06riso,1,1,1,0,1,1,1,1,1
eace2a2890644d703c619fff7e41a9a16k7lf,3,3,1,0,3,3,3,1,1
fe84da5e6912534549d63415ed725618uiz26,1,1,1,0,1,1,1,1,1
1b8dab667a0d5dfdb71ba9df64f493eeaez69,5,6,1,0,5,6,6,1,1
41ac3ba487f2095eb96512e766bc5d3243z79,4,8,1,0,4,8,8,2,2
95f1c38d88ee08a110caafebc15548ee57xai,2,2,1,0,2,2,2,1,1
6d61564c3744928e71a402f350a0c44bep4on,2,3,1,0,2,2,2,1,1
0051aef3fdeacdadba664b9b3b07e04e4coc6,2,9,1,0,2,2,3,1,1
1c696da5cc00711efa43bf596c8422ecaauu5,8,15,1,0,6,11,14,1,2
7946e72b900ccf5cce1084587e209097qxvfa,18,21,1,0,18,20,20,1,1
603d769a86a359a0d41118b47c0ab41fx7kz5,1,1,1,0,1,1,1,1,1
218685b774ba9db11b6a2961bc413fd36h9c7,1,1,1,0,1,1,1,1,1
4126bfd1c612699bd521b9499bb4796d74y9x,27,86,1,2,25,66,77,2,3
6a2895f1d4c4c9e134576de6ee00c795gdofr,22,84,1,0,22,54,61,2,2
eebdee08b0f67283126ef60307f49680sb9va,7,8,1,0,7,8,8,1,1
ef65488c949595d7885525ccfab9100c6cmqb,9,12,1,0,9,11,11,1,1
c0abe67b20c4e4165d8e4d319d6db6d0w5b87,1,1,1,0,1,1,1,1,1
037d9f10da403d8d5f94b6e2957a3702f6x07,84,166,1,12,84,145,148,1,1
6c320f528665894a5f63a8bdefc1849e6c0gu,2,2,1,0,2,2,2,1,1
3a6a73507698d5df8965907768c1eb31ntfth,7,20,1,0,7,16,17,2,2
d645e4b8b043a18bb1c8689572ad4fe16q3np,1,1,1,0,1,1,1,1,1
a9062f1d7c589bb01ee0b330ee8791fc702il,1,1,1,0,1,1,1,1,1
3140f8212c3b1993e6fa7a32c66a149b2kjul,1,1,1,0,1,1,1,1,1
4411a10ffb19b2f362052a1684e53073sd571,4,4,1,0,4,4,4,1,1
6160661e26f7c0b86779632b3b4881d24wmjz,1,1,1,0,1,1,1,1,1
a1e2cb33f972f49ca764302621dca8a4auqco,1,2,1,0,1,1,1,1,1
96ce315d1b4d0a2a02f4b021800f47a76ysug,1,1,1,0,1,1,1,1,1
acc8c42b99547a19315660f0536ccde0gns3k,3,4,1,0,3,4,3,1,1
f35e1c29147c2618ed2d4e7ed88b0c8eivimx,14,18,1,0,13,17,17,1,1
77b7daafef906aa3f941992bcf94dd69zxk2p,2,2,1,0,2,2,2,1,1
4fd7dc807d27f9af780cf4f35c757d0d3rzxf,2,2,1,0,2,2,2,1,1
bba166946ba30ae61187c0c976d73defoo8pa,1,1,1,0,1,1,1,1,1
45607fc24c7be16e1eb435939e40abcdhr1vh,4,5,1,0,4,4,4,1,1
ecf6ad2bbfa8aafbd7ad51d5bfcc02ddyznwh,3,3,1,0,3,3,3,1,1
193eee4a0b34e9191c8ca7700a47d9da743ca,3,3,1,0,3,3,3,1,1
4b8a1c9b43261dcf750eedee25978bbfp7yrj,19,36,1,0,18,33,34,1,1
948b089d1315b1809c760693f98b762epwrf1,1,1,1,0,1,1,1,1,1
a4e83190edb97fefdc4a6cbfd00f41fbm7c4o,22,32,1,0,22,29,28,1,1
b1fa85bf15fa94a23a670b9697a6dcfb0txog,7,7,1,0,7,7,7,1,1
89c8eefbf6f83543ce0792d1e4b86057ti16q,1,1,1,0,1,1,1,1,1
c2d1b8c1b7a9c8010f5b215e8aadb1d7gahpp,3,3,1,0,3,3,3,1,1
497b8beb19a7f674bc53acf7f5c7ec8cxv68x,1,1,1,0,1,1,1,1,1
60b8145bcfed7a5f2a23b596a8aff99cdzn4m,2,2,1,0,2,2,2,1,1
eef4c687daf977f64fc1d08675c44444raj3s,11,12,1,0,11,12,12,1,1
6c383b1e68fd6ca0f2002a0f03546ec0otsmv,67,142,1,12,57,124,131,2,2
c38d324310c515d3ff74fcb9450e7c80atpox,24,31,1,0,17,31,31,1,1
458492af11e8624e0d38f9a29854de334nrwe,10,15,1,0,10,15,15,1,1
55dc05893025427ce0aa0ffce381a2bb5tlqu,4,4,4,0,1,4,4,4,4
ab96456112f1722896ef655abeeaf395x3tnm,4,10,1,0,4,6,8,1,2
463fcc6186d1967fc97a40f2be0f8305lm1h5,3,3,1,0,2,3,3,1,1
bbce265ccfc68a9be64338941055dfadv4huz,26,74,1,0,17,51,65,3,3
0ca7a449b8a41703b1d54413b2ad32a45lpnt,19,21,1,0,19,21,21,1,1
953879d32e39e014cf8ce73daa2547cb2ke8t,51,115,1,6,34,90,99,2,2
2a7d1f9483d34546c4d099e36e3a79790qvjm,31,100,1,2,30,73,90,2,3
c709b6c05ebd88124fe639a70103c8aerho8s,22,170,1,8,19,120,110,6,5
6264a918aa934905a79a167af1d0787e7om3b,10,10,1,0,10,10,10,1,1
5e0487d6779bb0420d8e9bbf8d9004f72fd0o,6,9,1,0,5,9,9,1,1
167b4f37a264b72feb0f559b650d1cbd3ox60,2,3,1,0,2,2,2,1,1
a6ec153fc7002cfd929b9f7199914cf75upgt,11,32,1,0,11,24,32,2,2
d89c763e86253e52094e79eb72e40b70ftwb8,86,259,1,42,61,200,221,3,3
1a9c554b044c77239b63636008d353d4vy9kh,35,76,1,2,35,48,51,1,1
d4151bff0dbe180b4f3967a657cd0a955tl1u,2,2,1,0,2,2,2,1,1
057071d595b08bd00caa8e3a91eb954bhgt1q,4,4,1,0,4,4,4,1,1
576c9f2539f29b0775794d71802cc7f6qhcg6,9,15,1,0,8,12,12,1,1
b95dfc89719b287d7fdfa25a54ca9dfbxldxj,50,121,1,2,48,98,103,2,2
a5fb60c136b7e0a6d0d6e27cadb2a797225r6,1,1,1,0,1,1,1,1,1
3626a90383e0f85c4a84f9893b630696h0tmg,1,1,1,0,1,1,1,1,1
0061edfc5b07ff3d70d693883a38d370oy4fs,4,4,1,0,4,4,4,1,1
1dd51243f6444af9bc83a2dd39ed4851i5gzi,3,5,1,0,3,3,3,1,1
1f68c5798e28efef9155c9608ebd06c4ckiod,1,5,1,0,1,1,1,1,1
2eb8a353db13e68388f544daa2e28359oenbs,10,15,1,0,9,15,14,1,1
5c0f1784a6f11ffb5cbc5e4e522d3365gvlg0,1,1,1,0,1,1,1,1,1
67fd1325fbe3cd75a110cc80b9df9708l0w52,4,6,1,0,4,5,5,1,1
37ca0d0ded383d709676a4f9729ef39cpjfh4,1,1,1,0,1,1,1,1,1
715ee2811c764d5c58aa228ee801e518gqvli,2,2,1,0,2,2,2,1,1
2d82c3dc726d2bfa19c5f16ec3de5023lbse1,1,1,1,0,1,1,1,1,1
d3c80e9f6b8e1d774679fd8dd5aae611e3qls,1,1,1,0,1,1,1,1,1
bd62bb1ada7cf2a779d501c6ca2108ccjx0ld,2,2,1,0,2,2,2,1,1
a5c0a05edee43b4606d995a41688c2caon96z,14,25,1,0,14,22,24,1,1
a1fb4a6a12b5d3c00ddfc036355de54bonspa,1,1,1,0,1,1,1,1,1
51f47f594971d59e2a52398527ce8d81q5rdo,2,2,1,0,2,2,2,1,1
ec0e55a160e6cdf873bdc9255b9f0b11c2z46,4,4,1,0,4,4,4,1,1
4eb5971331e5aa0bb1057399d3572a36wbeej,8,10,1,0,8,9,10,1,1
131f1ae77a8d24255e1be81ae00fc5a10ynhb,2,2,1,0,2,2,2,1,1
27c751441a668545fce5a935509adfcbunkjt,2,2,1,0,2,2,2,1,1
5e8bf58291656ddd5fd2f71825565446aiopv,21,28,1,0,13,24,25,1,1
7a6215635868fb71d62ea1157f029000i24z0,32,56,1,2,27,47,51,1,1
e05a60f2e67693b97b89ce7248dfb423ynn2h,2,2,1,0,2,2,2,1,1
0a8622c7bc8526de762f3b59c91ecbbcvpua2,16,43,1,0,16,32,40,2,2
4bebb0c81e89088613963c98e166a652pgp1x,2,2,1,0,2,2,2,1,1
1d4eaaacb6127c43c1c007331cac135bpib3m,1,2,1,0,1,1,1,1,1
6e848149cabc4434155aacb610fb20de6vq5b,7,9,1,0,6,7,7,1,1
240e732f88854ce0f4023102218516bax1pc2,2,2,1,0,2,2,2,1,1
f27321571b5b6184e86acb6203c766f2bsfxg,5,7,1,0,5,6,6,1,1
b18ba7c81bd39eb7c09ca653600132f4b45g8,13,15,1,0,13,15,15,1,1
e3f51b95d11dcbd6541898ecc710b3dfu5r0d,2,2,1,0,2,2,2,1,1
33dc4889cc2bd50dab02344d6fe19a1aj59pt,1,1,1,0,1,1,1,1,1
a2b806a1dbaa1a3c57c90175c631f8a4zkbiy,16,41,1,0,12,35,32,2,2
460e932b11a1529d78246317757899ccfaxng,3,4,1,0,3,4,4,1,1
f7d2d4cc45a83259c8b22adae333ce0dasm72,22,109,1,4,22,66,85,3,3
bf65e77ce8676fbab6fc78b70c50f05a8da8a,4,15,1,0,4,11,14,2,3
f8a8934122d86964869a10f74f8a023eiegi1,7,7,1,0,7,7,7,1,1
0918eedd8324da06abe5600f058480dc75nfo,1,1,1,0,1,1,1,1,1
884b5bac8cac81125199e46d78cffc943nvrg,1,1,1,0,1,1,1,1,1
4d6fa52e125a18f433db6e6603b58ec7k1key,1,1,1,0,1,1,1,1,1
25c6e2e49c4e933166937573040754e1r770w,6,8,1,0,6,8,8,1,1
5cde7d8e5e55e83ae8f4176c134494d26ugnt,5,8,1,0,3,8,8,2,2
bd7d5414174da6df4b018c21495e8a2cxiose,5,8,1,0,5,8,8,1,1
846cf73ead9a5182dc25f11b6eda24a9syt4h,1,1,1,0,1,1,1,1,1
18bc9dbbed75b55f35ec4be1351b7aa86an68,7,7,1,0,7,7,7,1,1
1b0534afb7c02bb023bd4767ae73f17dqzqdu,7,26,1,0,7,23,23,3,3
d194329b25bbc387a3a7f1592196cdec0licz,1,1,1,0,1,1,1,1,1
b34feb72d3ad58fd605a340859c7639csfnfh,2,2,1,0,2,2,2,1,1
c0bf5fd69c39b37e64a2feb0f45788419hqx5,27,66,1,0,27,48,60,1,2
12c1b22ede3c23949bf130cc7bac6316ks7fj,1,1,1,0,1,1,1,1,1
eccb2259193aa8be47af131263416e2bjggvv,1,1,1,0,1,1,1,1,1
9b51afa3c3a736bdf93bd1f2a7b0a0903c34w,1,1,1,0,1,1,1,1,1
6faffebbde541edfccdb2725e430870cbkvo0,1,2,1,0,1,2,2,2,2
2fcdc140682f69a8264ef0a2a204c4316fb8l,2,2,1,0,2,2,2,1,1
ceb6c86354e97d4d849ef5b1364bb0964nxe3,7,18,1,0,5,16,18,3,3
a50f58ceb34c347c33e8b22f4470d928mwjew,12,23,2,0,5,18,19,3,3
68ec111dd61680068ba3f6f273722b6dn28dq,2,2,1,0,2,2,2,1,1
617363a7cb116b7b68712fd12150d73bhimzp,23,77,1,0,22,57,67,2,3
eed6c3a41b10ff62d1be7e4a55dd4674alfiy,2,2,1,0,2,2,2,1,1
7e1e0638b7d0c6ff554f4192747d15fas4tsc,1,1,1,0,1,1,1,1,1
22660ddc05f18ba32c38d6de3325017dlmt4w,2,6,1,0,2,6,6,3,3
bidder_id,1,1,1,0,1,1,1,1,1
3a92527f2308e7f746cd6c270be2c2a62nbi2,23,78,1,2,12,54,71,4,5
802a819acf0601b43fe5426cb48ac0bbqwfu8,64,361,1,56,64,221,315,3,4
dfab2db8ab479bac62322d56131b6cc6owgcg,2,2,1,0,2,2,2,1,1
1a1d4e9eba20c58b73fd68c5ab9907081xw9l,19,22,1,0,17,22,22,1,1
0430923026291636fff20fa1707fd34f0nayx,5,5,1,0,5,5,5,1,1
2756f574ee05cda30dee167479a438dfy5qxv,10,13,1,0,8,13,13,1,1
21a36e2b435520a6c2740c4f212e1516bul87,1,1,1,0,1,1,1,1,1
cb27cddd3c600b476c5fb94b9c80e2e2ew4nn,2,2,1,0,2,2,2,1,1
0e66933c924764a59760aaae5368e7d1e0s88,3,3,1,0,3,3,3,1,1
f594fcaceafc1ea9346a40af52d35c18jkvvs,9,15,1,0,5,11,13,2,2
abbaa42002b5ad64d4255c823f663490b2pra,17,32,1,0,17,24,30,1,1
456e14a42046506ee7f195be6214e1bexiepi,7,12,1,0,7,12,12,1,1
0763e7371b763087182eb37930074ff8mj7fw,1,1,1,0,1,1,1,1,1
d7eefaad31febe607c252199a7672420kl1el,1,1,1,0,1,1,1,1,1
0113d101ec6aabd354adac645a1ec3e82ln88,2,3,1,0,2,2,2,1,1
0c2ab4132564259a0b02c5bf57b49763n2bzh,3,24,1,0,3,15,14,5,4
ba1c9c5ea1f92ddad645c448b27762b6vkgu3,3,3,1,0,3,3,3,1,1
0e98ae5345d0c75b6bf2d83beeac8f518buqv,3,3,1,0,3,3,3,1,1
b1c9bacacf1f33a8fe48d1a4ae4c761bcltiv,8,9,1,0,8,9,9,1,1
a3f94c3decd9566ac26c2e6e32b51b5c668ed,1,1,1,0,1,1,1,1,1
c84d73420fa4dd946b64afc7ea2b7ecfkhtb5,9,10,1,0,9,10,10,1,1
680f1d590f90dedc0d1d772a595506e710jzg,5,6,1,0,4,6,6,1,1
78a444127a896122678835e12ef507deh01hn,2,2,1,0,2,2,2,1,1
d428139761f7b7563d57bb1f87b55876388j9,1,1,1,0,1,1,1,1,1
10fd581f1f6f425118d143ead74d939dt51ag,5,8,1,2,5,6,6,1,1
72a66d2deab9cabcf9ddf3cb1cd5cf1eozr40,1,1,1,0,1,1,1,1,1
2baa5a9ec317cb21a11d83f6dc72a2d6xy9jb,1,1,1,0,1,1,1,1,1
25da14ee089523dc4f220637e971a2fehphkd,1,1,1,0,1,1,1,1,1
afb72c78dd76fedace0643984a8f8621nd15i,1,1,1,0,1,1,1,1,1
7c18c97b0422d39ba261519111599615vudsk,45,156,1,4,40,109,135,2,3
a3f3af6b165ef7e436c3d98c2c83c51fqmc9j,1,1,1,0,1,1,1,1,1
a52deafda2dd1baecb6c2a872388de36oo3pr,10,11,1,0,10,11,11,1,1
b7bf209e1ad868be309ac52e2b7b92absl53c,6,7,1,0,4,7,7,1,1
1f3f4966d53c10298112b47668a18a649qh8b,1,1,1,0,1,1,1,1,1
c6fcf1f7b824c864d492c4cd676cd702owsuv,2,2,1,0,2,2,2,1,1
1870650d20a97db60ce4133bb9352b69h9phj,1,1,1,0,1,1,1,1,1
85ac49e7f93bf0e20323de78362bb4aadnwia,2,2,1,0,2,2,2,1,1
192109419e1df7f25cb58eb56bd0834b2v8se,2,2,1,0,2,2,2,1,1
40b2a6b664058e9fc67e078ed25cbf64tibxu,2,3,1,0,2,3,3,1,1
5ccc30558d4c218cbb4d36872fb82a03rjxgz,1,1,1,0,1,1,1,1,1
f6e2e1642d2502c0f13dbe5fe906b8cbjm5v6,3,4,1,0,3,4,4,1,1
0865d1e207fa3728a7379c415c903133rr6ce,1,2,1,0,1,1,2,1,2
0d8f88a469b37c741cb4dc02c39f9cd6kegig,52,2509,1,1782,52,745,1055,14,20
428df8587826da91bf7adf0f90881795pqlm4,1,1,1,0,1,1,1,1,1
de55942423fb03bfc82c1ecbbb685fb1effg6,62,169,1,10,54,133,143,2,2
78a1b6274a28a1855788702d59793c18872nv,95,332,1,34,89,244,319,2,3
a02cbd8a459207156ac4d9d2f2bc7a1dutdpl,28,89,1,4,22,63,78,2,3
6717b5dd2d1492c12a003b88ca1a94eb0a10g,8,14,1,0,7,11,14,1,2
4410adb224266027353706dbd498e0f1ujzn3,29,49,1,0,24,39,47,1,1
12fefd74d82d90541872847f199f6324cowi5,2,2,1,0,2,2,2,1,1
340bc29eeeb9b9d04eb1fb72a1a9a2444brgk,2,2,2,0,1,2,2,2,2
f37cb24ab3a31c78ac30186df09aac5a2d8ed,9,13,1,0,9,12,12,1,1
e45f4e3676bb7aa92b96d0dd92bbc6adao5vn,19,19,1,0,15,19,19,1,1
c5d6446a30366e10744c2699de368d68qhi6j,3,22,1,0,3,4,22,1,7
916d2d806b772c9f227a9b3640e31469ljrxo,2,94,2,0,1,43,94,43,94
2271fe5b01f9b8f9d8409014ae4511524grmq,84,227,1,26,77,186,221,2,2
78274148071dfc23b583be546d1e80c7lu8rq,1,1,1,0,1,1,1,1,1
634601f61222706c485984193ddb9587v77xi,5,5,1,0,4,5,5,1,1
27cc072f1432f7aec4b7e17cf2e473f2x3bjg,1,1,1,0,1,1,1,1,1
b569644e65d437c29a86d6c86f86c720gieux,30,63,1,0,30,55,63,1,2
5a28b19b882d307946b8d8f67198c9b76xpqn,3,3,1,0,3,3,3,1,1
e49e1e18e14be1c8197b3e275c3227b68ilyb,2,2,1,0,2,2,2,1,1
8dac2b259fd1c6d1120e519fb1ac14fbqvax8,247,1591,1,832,162,745,1198,4,7
6127ca0d14aa64b8d6613200afdb42678ed2e,14,19,1,0,14,19,19,1,1
f381ac2ea507cc993724ba57dc07ccecp0nf9,4,4,1,0,4,4,4,1,1
d4471da1608ba495d6044d4206e38dbdcwmeg,21,25,1,0,21,25,25,1,1
d28160a20d059274936b41b4ae8018a0hczxt,1,1,1,0,1,1,1,1,1
71613aed02559102f9af2ca041fbb2c9l319n,1,1,1,0,1,1,1,1,1
b760ba3ffd80132c832d0b96d8a46e9e4pu0r,1,1,1,0,1,1,1,1,1
0590c434e36245c7983845752e73ebbdgyugm,26,39,1,0,19,36,37,1,1
bd14262aee9bd003aefe38280ae87e7ahw5hb,1,3,1,0,1,3,3,3,3
ac13c25162110d654a5456975fdb886bmmv4z,1,1,1,0,1,1,1,1,1
43c76d050c9d2509d85c9dc2b1a1dba4zb3qt,3,8,1,0,3,7,7,2,2
59998f2c7299efed20dbb68df23a53c1cdoje,6,9,1,0,6,9,9,1,1
91d917d9f7d2d83da3b7347d942b8e28tc8tv,9,13,1,0,9,11,11,1,1
9a69c3e0182eab461f143e93acc56968zrw93,1,1,1,0,1,1,1,1,1
748ffa302082ede98cf1af01d4925bc5bfbu8,1,1,1,0,1,1,1,1,1
6ad9f13f7ebdd750774a250bb3ff143fxbvrt,1,1,1,0,1,1,1,1,1
554a2b2d9728c432126398b45fe804e6ega9f,8,17,1,0,8,15,15,1,1
7d92b2f507f91ebdf60058fbc1c8a551a6w9c,2,2,1,0,2,2,2,1,1
9ae9782ecff93ddf1c6fa13d711b9fe1gc266,20,29,1,0,20,26,27,1,1
77c529bf6ca232649b7df602279b0e0c6xcax,7,8,1,0,5,7,8,1,1
3e44118f170da32dce7a713c5a4272adfqkon,3,4,1,0,3,4,4,1,1
b72c7af96c10c0ed7ddca342490a82d727qmd,8,8,1,0,8,8,8,1,1
f99c86fb8916895d5603c946065b106e2pb11,3,4,1,0,3,3,4,1,1
0764308c5a1d35bf76c32d943eff07a50tp9e,2,2,1,0,2,2,2,1,1
92a63dbb8323426833b944a4fc196fe27pzha,1,1,1,0,1,1,1,1,1
c02f06b962414bde7331252da5e0ee7dbhxwl,6,23,1,0,6,17,22,2,3
b57f6875839b5a6ce409198cab6d3d08zoydm,13,16,1,0,12,13,13,1,1
8d6dcd459ab23f1d852e6ff9cb86864e32zb0,4,5,1,0,4,5,5,1,1
5a6376f140f05274d6e0dc888cbeb89eukxkd,8,13,1,0,8,12,12,1,1
8af01eeb860c2e6b1512377f28953110ml638,6,10,1,0,6,8,8,1,1
4376fc192e83a1a5d7a83085369916e8rr035,1,1,1,0,1,1,1,1,1
9ebd57da79b9286fd67a53e61528cf63a1w6c,3,3,1,0,3,3,3,1,1
538bd365abd1b8e5edce2e402ae363b2sco5l,1,1,1,0,1,1,1,1,1
1e644da08a84c02d549f3a742d04d69ehxb55,2,2,1,0,2,2,2,1,1
2515c5fd81638d5d0bca39a2b2be3995tante,4,5,1,0,4,4,5,1,1
